10090,,0.022
,,0.020
01:Graph01,,0.021
mm,,0.023
,,0.023
,,0.024
,,0.023
,,0.022
,,0.022
,,0.022
,,0.022
,,0.020
,,0.022
,,0.022
,,0.020
,,0.022
,,0.022
,,0.022
,,0.022
,,0.022
,,0.022
,,0.023
,,0.023
,,0.024
,,0.022
,,0.023
,,0.023
,,0.022
,,0.023
,,0.022
,,0.022
,,0.022
,,0.024
,,0.022
,,0.021
,,0.020
,,0.021
,,0.022
,,0.021
,,0.021
,,0.021
,,0.021
,,0.021
,,0.021
,,0.022
,,0.022
,,0.021
,,0.020
,,0.021
,,0.022
,,0.022
,,0.022
,,0.021
,,0.021
,,0.022
,,0.020
,,0.022
,,0.020
,,0.022
,,0.020
,,0.021
,,0.023
,,0.021
,,0.020
,,0.020
,,0.022
,,0.020
,,0.022
,,0.023
,,0.021
,,0.022
,,0.022
,,0.021
,,0.022
,,0.021
,,0.022
,,0.022
,,0.023
,,0.023
,,0.021
,,0.021
,,0.022
,,0.022
,,0.021
,,0.023
,,0.022
,,0.023
,,0.025
,,0.023
,,0.023
,,0.024
,,0.022
,,0.023
,,0.023
,,0.024
,,0.023
,,0.023
,,0.022
,,0.023
,,0.023
,,0.022
,,0.021
,,0.023
,,0.022
,,0.024
,,0.021
,,0.021
,,0.022
,,0.021
,,0.023
,,0.023
,,0.021
,,0.021
,,0.022
,,0.023
,,0.022
,,0.021
,,0.023
,,0.022
,,0.021
,,0.022
,,0.021
,,0.020
,,0.022
,,0.020
,,0.020
,,0.023
,,0.021
,,0.020
,,0.022
,,0.023
,,0.020
,,0.022
,,0.021
,,0.023
,,0.021
,,0.021
,,0.022
,,0.021
,,0.022
,,0.022
,,0.023
,,0.024
,,0.023
,,0.021
,,0.022
,,0.021
,,0.022
,,0.022
,,0.023
,,0.022
,,0.022
,,0.023
,,0.022
,,0.023
,,0.022
,,0.022
,,0.023
,,0.022
,,0.022
,,0.024
,,0.024
,,0.024
,,0.024
,,0.023
,,0.023
,,0.022
,,0.023
,,0.024
,,0.023
,,0.024
,,0.023
,,0.023
,,0.021
,,0.023
,,0.022
,,0.024
,,0.023
,,0.022
,,0.022
,,0.024
,,0.022
,,0.022
,,0.023
,,0.022
,,0.023
,,0.021
,,0.023
,,0.021
,,0.022
,,0.023
,,0.024
,,0.023
,,0.020
,,0.021
,,0.020
,,0.022
,,0.023
,,0.021
,,0.021
,,0.023
,,0.023
,,0.022
,,0.022
,,0.021
,,0.022
,,0.021
,,0.022
,,0.023
,,0.023
,,0.022
,,0.022
,,0.022
,,0.019
,,0.022
,,0.022
,,0.022
,,0.023
,,0.020
,,0.021
,,0.023
,,0.021
,,0.022
,,0.021
,,0.022
,,0.022
,,0.022
,,0.022
,,0.021
,,0.021
,,0.021
,,0.021
,,0.024
,,0.022
,,0.021
,,0.023
,,0.021
,,0.023
,,0.023
,,0.022
,,0.022
,,0.022
,,0.022
,,0.021
,,0.019
,,0.022
,,0.022
,,0.022
,,0.020
,,0.023
,,0.022
,,0.021
,,0.021
,,0.022
,,0.022
,,0.021
,,0.023
,,0.022
,,0.022
,,0.022
,,0.022
,,0.023
,,0.022
,,0.024
,,0.025
,,0.026
,,0.027
,,0.028
,,0.031
,,0.036
,,0.041
,,0.055
,,0.084
,,0.132
,,0.202
,,0.311
,,0.429
,,0.538
,,0.638
,,0.709
,,0.757
,,0.802
,,0.858
,,0.922
,,0.973
,,0.996
,,1.015
,,1.038
,,1.070
,,1.095
,,1.121
,,1.145
,,1.157
,,1.177
,,1.202
,,1.226
,,1.232
,,1.235
,,1.235
,,1.238
,,1.240
,,1.238
,,1.240
,,1.240
,,1.241
,,1.239
,,1.243
,,1.245
,,1.244
,,1.246
,,1.246
,,1.246
,,1.247
,,1.247
,,1.246
,,1.246
,,1.247
,,1.247
,,1.247
,,1.247
,,1.246
,,1.247
,,1.247
,,1.247
,,1.247
,,1.247
,,1.244
,,1.242
,,1.241
,,1.239
,,1.234
,,1.232
,,1.224
,,1.207
,,1.193
,,1.181
,,1.167
,,1.155
,,1.138
,,1.127
,,1.107
,,1.094
,,1.078
,,1.062
,,1.041
,,1.021
,,0.996
,,0.956
,,0.926
,,0.903
,,0.875
,,0.841
,,0.808
,,0.770
,,0.723
,,0.668
,,0.602
,,0.533
,,0.477
,,0.416
,,0.356
,,0.291
,,0.214
,,0.156
,,0.123
,,0.095
,,0.058
,,0.037
,,0.031
,,0.029
,,0.026
,,0.027
,,0.025
,,0.025
,,0.026
,,0.025
,,0.025
,,0.024
,,0.024
,,0.023
,,0.022
,,0.023
,,0.024
,,0.022
,,0.023
,,0.022
,,0.020
,,0.021
,,0.021
,,0.020
,,0.021
,,0.020
,,0.019
,,0.019
,,0.018
,,0.021
,,0.020
,,0.021
,,0.019
,,0.021
,,0.019
,,0.020
,,0.019
,,0.020
,,0.020
,,0.019
,,0.018
,,0.018
,,0.018
,,0.020
,,0.017
,,0.019
,,0.018
,,0.019
,,0.019
,,0.019
,,0.017
,,0.019
,,0.018
,,0.020
,,0.020
,,0.021
,,0.019
,,0.019
,,0.021
,,0.019
,,0.018
,,0.019
,,0.019
,,0.019
,,0.020
,,0.019
,,0.020
,,0.018
,,0.018
,,0.018
,,0.017
,,0.020
,,0.018
,,0.018
,,0.019
,,0.020
,,0.019
,,0.019
,,0.019
,,0.020
,,0.021
,,0.017
,,0.019
,,0.019
,,0.020
,,0.019
,,0.019
,,0.019
,,0.017
,,0.019
,,0.020
,,0.019
,,0.021
,,0.020
,,0.022
,,0.020
,,0.023
,,0.022
,,0.023
,,0.024
,,0.026
,,0.026
,,0.028
,,0.030
,,0.034
,,0.044
,,0.059
,,0.091
,,0.138
,,0.212
,,0.323
,,0.439
,,0.545
,,0.646
,,0.718
,,0.766
,,0.812
,,0.868
,,0.931
,,0.977
,,1.001
,,1.019
,,1.047
,,1.081
,,1.106
,,1.131
,,1.149
,,1.167
,,1.188
,,1.211
,,1.217
,,1.219
,,1.221
,,1.226
,,1.226
,,1.227
,,1.229
,,1.230
,,1.230
,,1.230
,,1.232
,,1.232
,,1.234
,,1.234
,,1.232
,,1.234
,,1.233
,,1.234
,,1.236
,,1.236
,,1.236
,,1.236
,,1.238
,,1.237
,,1.237
,,1.238
,,1.239
,,1.237
,,1.236
,,1.237
,,1.234
,,1.233
,,1.231
,,1.230
,,1.226
,,1.221
,,1.214
,,1.197
,,1.186
,,1.173
,,1.160
,,1.147
,,1.135
,,1.121
,,1.108
,,1.095
,,1.077
,,1.060
,,1.042
,,1.024
,,1.004
,,0.964
,,0.923
,,0.899
,,0.867
,,0.835
,,0.797
,,0.755
,,0.707
,,0.645
,,0.576
,,0.510
,,0.454
,,0.392
,,0.333
,,0.263
,,0.191
,,0.142
,,0.110
,,0.079
,,0.045
,,0.033
,,0.029
,,0.027
,,0.024
,,0.024
,,0.024
,,0.023
,,0.021
,,0.021
,,0.022
,,0.024
,,0.022
,,0.020
,,0.020
,,0.020
,,0.020
,,0.019
,,0.020
,,0.020
,,0.020
,,0.021
,,0.020
,,0.019
,,0.018
,,0.018
,,0.018
,,0.019
,,0.017
,,0.019
,,0.017
,,0.018
,,0.019
,,0.018
,,0.017
,,0.017
,,0.017
,,0.017
,,0.017
,,0.016
,,0.017
,,0.015
,,0.017
,,0.016
,,0.017
,,0.016
,,0.016
,,0.016
,,0.016
,,0.018
,,0.017
,,0.015
,,0.015
,,0.016
,,0.016
,,0.017
,,0.017
,,0.017
,,0.015
,,0.015
,,0.016
,,0.015
,,0.016
,,0.016
,,0.016
,,0.015
,,0.015
,,0.016
,,0.016
,,0.014
,,0.017
,,0.015
,,0.015
,,0.016
,,0.016
,,0.016
,,0.016
,,0.014
,,0.016
,,0.016
,,0.015
,,0.016
,,0.016
,,0.015
,,0.015
,,0.014
,,0.014
,,0.015
,,0.016
,,0.014
,,0.015
,,0.017
,,0.016
,,0.015
,,0.016
,,0.017
,,0.019
,,0.017
,,0.019
,,0.019
,,0.019
,,0.022
,,0.022
,,0.026
,,0.029
,,0.036
,,0.047
,,0.074
,,0.119
,,0.181
,,0.279
,,0.395
,,0.503
,,0.605
,,0.689
,,0.744
,,0.786
,,0.838
,,0.904
,,0.962
,,0.990
,,1.007
,,1.032
,,1.065
,,1.092
,,1.116
,,1.139
,,1.154
,,1.174
,,1.196
,,1.205
,,1.207
,,1.212
,,1.214
,,1.213
,,1.217
,,1.217
,,1.219
,,1.219
,,1.220
,,1.221
,,1.221
,,1.222
,,1.223
,,1.224
,,1.224
,,1.223
,,1.224
,,1.224
,,1.225
,,1.226
,,1.226
,,1.226
,,1.227
,,1.225
,,1.227
,,1.228
,,1.226
,,1.225
,,1.224
,,1.223
,,1.221
,,1.218
,,1.218
,,1.214
,,1.208
,,1.197
,,1.183
,,1.172
,,1.159
,,1.146
,,1.132
,,1.119
,,1.104
,,1.094
,,1.074
,,1.058
,,1.039
,,1.023
,,1.004
,,0.969
,,0.931
,,0.908
,,0.875
,,0.846
,,0.814
,,0.779
,,0.736
,,0.682
,,0.621
,,0.552
,,0.487
,,0.431
,,0.370
,,0.311
,,0.239
,,0.170
,,0.127
,,0.100
,,0.066
,,0.039
,,0.029
,,0.025
,,0.024
,,0.022
,,0.022
,,0.020
,,0.021
,,0.018
,,0.019
,,0.019
,,0.018
,,0.016
,,0.019
,,0.018
,,0.017
,,0.018
,,0.017
,,0.018
,,0.015
,,0.016
,,0.015
,,0.015
,,0.016
,,0.015
,,0.017
,,0.016
,,0.016
,,0.014
,,0.015
,,0.015
,,0.014
,,0.014
,,0.015
,,0.014
,,0.013
,,0.013
,,0.015
,,0.014
,,0.013
,,0.014
,,0.015
,,0.015
,,0.013
,,0.014
,,0.015
,,0.015
,,0.014
,,0.014
,,0.014
,,0.013
,,0.015
,,0.013
,,0.013
,,0.014
,,0.015
,,0.014
,,0.012
,,0.014
,,0.016
,,0.014
,,0.012
,,0.014
,,0.012
,,0.013
,,0.010
,,0.013
,,0.014
,,0.012
,,0.014
,,0.014
,,0.014
,,0.013
,,0.012
,,0.014
,,0.014
,,0.014
,,0.013
,,0.012
,,0.013
,,0.014
,,0.013
,,0.013
,,0.013
,,0.014
,,0.013
,,0.013
,,0.014
,,0.013
,,0.014
,,0.014
,,0.012
,,0.014
,,0.013
,,0.014
,,0.014
,,0.015
,,0.014
,,0.016
,,0.017
,,0.019
,,0.019
,,0.020
,,0.023
,,0.026
,,0.032
,,0.041
,,0.066
,,0.104
,,0.158
,,0.246
,,0.362
,,0.469
,,0.573
,,0.663
,,0.724
,,0.770
,,0.817
,,0.879
,,0.942
,,0.981
,,0.997
,,1.021
,,1.052
,,1.079
,,1.108
,,1.132
,,1.146
,,1.167
,,1.191
,,1.194
,,1.199
,,1.202
,,1.204
,,1.206
,,1.206
,,1.206
,,1.208
,,1.210
,,1.211
,,1.212
,,1.212
,,1.213
,,1.215
,,1.215
,,1.215
,,1.214
,,1.216
,,1.217
,,1.215
,,1.216
,,1.215
,,1.217
,,1.217
,,1.217
,,1.218
,,1.215
,,1.217
,,1.216
,,1.213
,,1.213
,,1.212
,,1.209
,,1.206
,,1.203
,,1.198
,,1.188
,,1.172
,,1.163
,,1.151
,,1.135
,,1.120
,,1.108
,,1.097
,,1.081
,,1.064
,,1.050
,,1.031
,,1.013
,,0.985
,,0.950
,,0.925
,,0.898
,,0.868
,,0.837
,,0.806
,,0.768
,,0.720
,,0.665
,,0.600
,,0.529
,,0.470
,,0.412
,,0.353
,,0.292
,,0.215
,,0.155
,,0.117
,,0.093
,,0.055
,,0.033
,,0.025
,,0.022
,,0.020
,,0.018
,,0.018
,,0.017
,,0.017
,,0.017
,,0.018
,,0.015
,,0.016
,,0.015
,,0.014
,,0.016
,,0.014
,,0.014
,,0.014
,,0.014
,,0.015
,,0.015
,,0.013
,,0.013
,,0.011
,,0.014
,,0.012
,,0.012
,,0.013
,,0.011
,,0.012
,,0.012
,,0.011
,,0.013
,,0.012
,,0.011
,,0.013
,,0.012
,,0.012
,,0.011
,,0.011
,,0.011
,,0.011
,,0.010
,,0.010
,,0.012
,,0.012
,,0.012
,,0.010
,,0.010
,,0.012
,,0.012
,,0.011
,,0.010
,,0.011
,,0.010
,,0.010
,,0.012
,,0.009
,,0.013
,,0.011
,,0.009
,,0.011
,,0.011
,,0.011
,,0.010
,,0.011
,,0.012
,,0.010
,,0.011
,,0.011
,,0.010
,,0.012
,,0.010
,,0.012
,,0.012
,,0.010
,,0.011
,,0.009
,,0.011
,,0.010
,,0.009
,,0.011
,,0.011
,,0.009
,,0.011
,,0.009
,,0.011
,,0.011
,,0.009
,,0.010
,,0.010
,,0.012
,,0.011
,,0.012
,,0.010
,,0.012
,,0.012
,,0.012
,,0.013
,,0.013
,,0.014
,,0.015
,,0.019
,,0.019
,,0.021
,,0.026
,,0.036
,,0.056
,,0.091
,,0.141
,,0.219
,,0.333
,,0.436
,,0.539
,,0.639
,,0.708
,,0.754
,,0.798
,,0.858
,,0.926
,,0.970
,,0.990
,,1.008
,,1.038
,,1.070
,,1.096
,,1.122
,,1.140
,,1.160
,,1.179
,,1.185
,,1.189
,,1.193
,,1.194
,,1.196
,,1.196
,,1.199
,,1.199
,,1.200
,,1.202
,,1.201
,,1.203
,,1.203
,,1.203
,,1.206
,,1.205
,,1.206
,,1.206
,,1.205
,,1.205
,,1.207
,,1.207
,,1.206
,,1.207
,,1.206
,,1.206
,,1.207
,,1.207
,,1.206
,,1.204
,,1.203
,,1.203
,,1.198
,,1.197
,,1.193
,,1.185
,,1.177
,,1.161
,,1.152
,,1.137
,,1.122
,,1.109
,,1.095
,,1.082
,,1.066
,,1.049
,,1.033
,,1.015
,,0.996
,,0.965
,,0.936
,,0.910
,,0.881
,,0.852
,,0.822
,,0.787
,,0.748
,,0.701
,,0.643
,,0.575
,,0.507
,,0.453
,,0.393
,,0.337
,,0.269
,,0.193
,,0.141
,,0.106
,,0.081
,,0.047
,,0.027
,,0.020
,,0.018
,,0.017
,,0.016
,,0.014
,,0.015
,,0.014
,,0.014
,,0.012
,,0.012
,,0.012
,,0.012
,,0.010
,,0.010
,,0.011
,,0.011
,,0.011
,,0.011
,,0.010
,,0.009
,,0.010
,,0.009
,,0.011
,,0.010
,,0.009
,,0.010
,,0.008
,,0.007
,,0.008
,,0.008
,,0.008
,,0.009
,,0.007
,,0.008
,,0.008
,,0.009
,,0.009
,,0.008
,,0.008
,,0.009
,,0.009
,,0.009
,,0.009
,,0.009
,,0.008
,,0.008
,,0.010
,,0.010
,,0.008
,,0.009
,,0.007
,,0.009
,,0.009
,,0.009
,,0.008
,,0.009
,,0.009
,,0.007
,,0.008
,,0.009
,,0.008
,,0.007
,,0.008
,,0.008
,,0.009
,,0.008
,,0.008
,,0.009
,,0.008
,,0.008
,,0.009
,,0.009
,,0.008
,,0.006
,,0.008
,,0.006
,,0.007
,,0.008
,,0.009
,,0.006
,,0.008
,,0.007
,,0.008
,,0.005
,,0.006
,,0.008
,,0.008
,,0.008
,,0.008
,,0.008
,,0.007
,,0.007
,,0.008
,,0.009
,,0.008
,,0.009
,,0.008
,,0.010
,,0.010
,,0.012
,,0.011
,,0.014
,,0.016
,,0.020
,,0.022
,,0.031
,,0.049
,,0.081
,,0.129
,,0.198
,,0.307
,,0.414
,,0.514
,,0.613
,,0.688
,,0.738
,,0.783
,,0.837
,,0.905
,,0.957
,,0.980
,,1.001
,,1.027
,,1.055
,,1.083
,,1.112
,,1.133
,,1.150
,,1.169
,,1.174
,,1.179
,,1.182
,,1.183
,,1.185
,,1.187
,,1.189
,,1.189
,,1.191
,,1.192
,,1.193
,,1.193
,,1.193
,,1.194
,,1.197
,,1.196
,,1.197
,,1.196
,,1.196
,,1.196
,,1.197
,,1.198
,,1.199
,,1.199
,,1.199
,,1.200
,,1.198
,,1.200
,,1.197
,,1.197
,,1.196
,,1.194
,,1.191
,,1.189
,,1.186
,,1.181
,,1.171
,,1.157
,,1.147
,,1.132
,,1.116
,,1.105
,,1.093
,,1.077
,,1.061
,,1.048
,,1.031
,,1.015
,,0.996
,,0.970
,,0.935
,,0.904
,,0.873
,,0.844
,,0.811
,,0.776
,,0.736
,,0.685
,,0.623
,,0.561
,,0.493
,,0.440
,,0.381
,,0.323
,,0.253
,,0.180
,,0.134
,,0.105
,,0.076
,,0.043
,,0.028
,,0.022
,,0.019
,,0.018
,,0.017
,,0.015
,,0.016
,,0.014
,,0.014
,,0.013
,,0.013
,,0.013
,,0.013
,,0.013
,,0.013
,,0.012
,,0.013
,,0.013
,,0.013
,,0.012
,,0.012
,,0.013
,,0.012
,,0.011
,,0.011
,,0.011
,,0.011
,,0.013
,,0.012
,,0.010
,,0.012
,,0.012
,,0.012
,,0.013
,,0.012
,,0.012
,,0.012
,,0.012
,,0.012
,,0.011
,,0.011
,,0.011
,,0.012
,,0.011
,,0.011
,,0.011
,,0.009
,,0.010
,,0.010
,,0.010
,,0.013
,,0.010
,,0.010
,,0.011
,,0.011
,,0.010
,,0.010
,,0.011
,,0.010
,,0.011
,,0.009
,,0.010
,,0.010
,,0.010
,,0.009
,,0.011
,,0.012
,,0.010
,,0.010
,,0.012
,,0.009
,,0.009
,,0.011
,,0.011
,,0.012
,,0.010
,,0.009
,,0.010
,,0.010
,,0.011
,,0.010
,,0.009
,,0.010
,,0.009
,,0.008
,,0.008
,,0.010
,,0.008
,,0.008
,,0.008
,,0.010
,,0.009
,,0.007
,,0.008
,,0.010
,,0.010
,,0.011
,,0.010
,,0.011
,,0.011
,,0.012
,,0.014
,,0.015
,,0.017
,,0.019
,,0.021
,,0.029
,,0.045
,,0.078
,,0.120
,,0.185
,,0.283
,,0.391
,,0.489
,,0.590
,,0.670
,,0.727
,,0.769
,,0.820
,,0.887
,,0.947
,,0.976
,,0.992
,,1.018
,,1.048
,,1.077
,,1.105
,,1.123
,,1.145
,,1.163
,,1.170
,,1.175
,,1.178
,,1.179
,,1.181
,,1.183
,,1.185
,,1.184
,,1.185
,,1.187
,,1.188
,,1.190
,,1.191
,,1.189
,,1.191
,,1.191
,,1.191
,,1.191
,,1.192
,,1.192
,,1.194
,,1.195
,,1.196
,,1.194
,,1.195
,,1.195
,,1.196
,,1.192
,,1.194
,,1.193
,,1.191
,,1.189
,,1.187
,,1.184
,,1.181
,,1.176
,,1.166
,,1.151
,,1.140
,,1.125
,,1.110
,,1.097
,,1.087
,,1.072
,,1.055
,,1.039
,,1.025
,,1.005
,,0.986
,,0.953
,,0.921
,,0.895
,,0.864
,,0.838
,,0.808
,,0.773
,,0.731
,,0.681
,,0.619
,,0.549
,,0.488
,,0.431
,,0.373
,,0.315
,,0.240
,,0.172
,,0.132
,,0.102
,,0.068
,,0.041
,,0.028
,,0.021
,,0.019
,,0.019
,,0.017
,,0.017
,,0.015
,,0.016
,,0.015
,,0.017
,,0.013
,,0.016
,,0.013
,,0.015
,,0.014
,,0.014
,,0.012
,,0.012
,,0.011
,,0.013
,,0.012
,,0.013
,,0.011
,,0.012
,,0.012
,,0.010
,,0.012
,,0.011
,,0.010
,,0.010
,,0.012
,,0.012
,,0.011
,,0.011
,,0.010
,,0.010
,,0.011
,,0.010
,,0.012
,,0.009
,,0.010
,,0.010
,,0.010
,,0.012
,,0.010
,,0.010
,,0.011
,,0.009
,,0.011
,,0.010
,,0.010
,,0.010
,,0.012
,,0.011
,,0.009
,,0.009
,,0.010
,,0.010
,,0.011
,,0.011
,,0.011
,,0.010
,,0.008
,,0.010
,,0.009
,,0.011
,,0.011
,,0.010
,,0.009
,,0.009
,,0.009
,,0.011
,,0.008
,,0.010
,,0.011
,,0.010
,,0.010
,,0.010
,,0.008
,,0.009
,,0.010
,,0.009
,,0.008
,,0.010
,,0.008
,,0.010
,,0.010
,,0.009
,,0.009
,,0.009
,,0.008
,,0.010
,,0.010
,,0.009
,,0.010
,,0.009
,,0.011
,,0.012
,,0.012
,,0.011
,,0.012
,,0.014
,,0.015
,,0.018
,,0.020
,,0.022
,,0.029
,,0.042
,,0.071
,,0.113
,,0.171
,,0.266
,,0.372
,,0.472
,,0.569
,,0.658
,,0.717
,,0.759
,,0.809
,,0.872
,,0.932
,,0.971
,,0.990
,,1.010
,,1.041
,,1.070
,,1.100
,,1.121
,,1.140
,,1.156
,,1.165
,,1.169
,,1.171
,,1.172
,,1.174
,,1.178
,,1.178
,,1.180
,,1.181
,,1.182
,,1.183
,,1.183
,,1.186
,,1.185
,,1.186
,,1.188
,,1.188
,,1.188
,,1.189
,,1.190
,,1.190
,,1.190
,,1.190
,,1.190
,,1.194
,,1.193
,,1.191
,,1.191
,,1.190
,,1.189
,,1.186
,,1.186
,,1.183
,,1.180
,,1.178
,,1.172
,,1.162
,,1.147
,,1.137
,,1.118
,,1.108
,,1.097
,,1.086
,,1.070
,,1.053
,,1.035
,,1.021
,,1.004
,,0.984
,,0.949
,,0.917
,,0.894
,,0.866
,,0.840
,,0.806
,,0.771
,,0.727
,,0.677
,,0.615
,,0.540
,,0.478
,,0.424
,,0.365
,,0.306
,,0.230
,,0.163
,,0.127
,,0.096
,,0.064
,,0.037
,,0.027
,,0.022
,,0.021
,,0.020
,,0.018
,,0.017
,,0.016
,,0.017
,,0.016
,,0.017
,,0.017
,,0.015
,,0.015
,,0.014
,,0.014
,,0.014
,,0.014
,,0.013
,,0.014
,,0.013
,,0.015
,,0.013
,,0.013
,,0.013
,,0.013
,,0.014
,,0.014
,,0.014
,,0.012
,,0.013
,,0.014
,,0.013
,,0.012
,,0.012
,,0.012
,,0.012
,,0.014
,,0.012
,,0.013
,,0.012
,,0.011
,,0.013
,,0.012
,,0.012
,,0.014
,,0.012
,,0.013
,,0.013
,,0.011
,,0.011
,,0.012
,,0.009
,,0.012
,,0.012
,,0.011
,,0.012
,,0.012
,,0.011
,,0.012
,,0.012
,,0.012
,,0.011
,,0.011
,,0.012
,,0.010
,,0.012
,,0.011
,,0.012
,,0.013
,,0.012
,,0.011
,,0.011
,,0.012
,,0.012
,,0.012
,,0.012
,,0.011
,,0.012
,,0.012
,,0.011
,,0.011
,,0.011
,,0.010
,,0.012
,,0.013
,,0.012
,,0.012
,,0.011
,,0.013
,,0.013
,,0.011
,,0.014
,,0.012
,,0.012
,,0.011
,,0.011
,,0.013
,,0.015
,,0.015
,,0.014
,,0.016
,,0.016
,,0.018
,,0.019
,,0.022
,,0.026
,,0.031
,,0.045
,,0.070
,,0.109
,,0.165
,,0.252
,,0.358
,,0.455
,,0.553
,,0.646
,,0.708
,,0.753
,,0.801
,,0.859
,,0.925
,,0.968
,,0.987
,,1.009
,,1.037
,,1.067
,,1.098
,,1.120
,,1.138
,,1.153
,,1.162
,,1.167
,,1.171
,,1.173
,,1.176
,,1.178
,,1.180
,,1.179
,,1.181
,,1.183
,,1.182
,,1.182
,,1.182
,,1.184
,,1.183
,,1.185
,,1.186
,,1.187
,,1.187
,,1.187
,,1.187
,,1.187
,,1.188
,,1.188
,,1.190
,,1.190
,,1.189
,,1.187
,,1.186
,,1.187
,,1.183
,,1.183
,,1.181
,,1.177
,,1.174
,,1.168
,,1.156
,,1.139
,,1.127
,,1.114
,,1.104
,,1.093
,,1.078
,,1.064
,,1.048
,,1.030
,,1.014
,,0.999
,,0.977
,,0.943
,,0.910
,,0.884
,,0.856
,,0.827
,,0.797
,,0.758
,,0.711
,,0.656
,,0.591
,,0.525
,,0.467
,,0.411
,,0.351
,,0.290
,,0.215
,,0.156
,,0.118
,,0.086
,,0.053
,,0.036
,,0.027
,,0.024
,,0.023
,,0.022
,,0.022
,,0.019
,,0.019
,,0.020
,,0.018
,,0.018
,,0.019
,,0.016
,,0.020
,,0.017
,,0.017
,,0.018
,,0.017
,,0.018
,,0.017
,,0.018
,,0.016
,,0.017
,,0.017
,,0.016
,,0.017
,,0.016
,,0.016
,,0.015
,,0.016
,,0.016
,,0.014
,,0.015
,,0.015
,,0.013
,,0.014
,,0.014
,,0.015
,,0.016
,,0.016
,,0.015
,,0.016
,,0.016
,,0.015
,,0.015
,,0.015
,,0.015
,,0.014
,,0.014
,,0.015
,,0.015
,,0.013
,,0.013
,,0.014
,,0.012
,,0.013
,,0.013
,,0.014
,,0.013
,,0.013
,,0.012
,,0.013
,,0.012
,,0.012
,,0.013
,,0.013
,,0.016
,,0.012
,,0.013
,,0.015
,,0.014
,,0.012
,,0.013
,,0.012
,,0.013
,,0.013
,,0.015
,,0.012
,,0.012
,,0.013
,,0.012
,,0.012
,,0.011
,,0.013
,,0.013
,,0.013
,,0.012
,,0.013
,,0.013
,,0.013
,,0.013
,,0.012
,,0.013
,,0.013
,,0.013
,,0.015
,,0.013
,,0.014
,,0.014
,,0.015
,,0.017
,,0.018
,,0.018
,,0.019
,,0.020
,,0.023
,,0.026
,,0.031
,,0.043
,,0.068
,,0.103
,,0.157
,,0.239
,,0.344
,,0.440
,,0.538
,,0.631
,,0.698
,,0.746
,,0.791
,,0.847
,,0.915
,,0.966
,,0.986
,,1.006
,,1.033
,,1.063
,,1.093
,,1.119
,,1.135
,,1.155
,,1.161
,,1.164
,,1.166
,,1.168
,,1.171
,,1.172
,,1.174
,,1.175
,,1.176
,,1.175
,,1.176
,,1.178
,,1.179
,,1.179
,,1.178
,,1.179
,,1.180
,,1.179
,,1.181
,,1.180
,,1.181
,,1.183
,,1.184
,,1.184
,,1.185
,,1.184
,,1.185
,,1.186
,,1.182
,,1.181
,,1.181
,,1.179
,,1.175
,,1.175
,,1.170
,,1.165
,,1.151
,,1.136
,,1.124
,,1.112
,,1.100
,,1.087
,,1.072
,,1.056
,,1.042
,,1.025
,,1.008
,,0.990
,,0.960
,,0.931
,,0.907
,,0.880
,,0.855
,,0.823
,,0.791
,,0.753
,,0.704
,,0.651
,,0.583
,,0.517
,,0.462
,,0.402
,,0.348
,,0.280
,,0.209
,,0.149
,,0.114
,,0.082
,,0.049
,,0.037
,,0.030
,,0.026
,,0.024
,,0.024
,,0.024
,,0.023
,,0.024
,,0.021
,,0.022
,,0.021
,,0.022
,,0.021
,,0.021
,,0.020
,,0.020
,,0.021
,,0.019
,,0.020
,,0.019
,,0.020
,,0.020
,,0.019
,,0.020
,,0.019
,,0.020
,,0.018
,,0.018
,,0.018
,,0.018
,,0.019
,,0.019
,,0.019
,,0.017
,,0.017
,,0.018
,,0.018
,,0.018
,,0.017
,,0.017
,,0.017
,,0.018
,,0.017
,,0.018
,,0.017
,,0.016
,,0.017
,,0.017
,,0.017
,,0.016
,,0.017
,,0.016
,,0.019
,,0.017
,,0.019
,,0.017
,,0.018
,,0.017
,,0.016
,,0.017
,,0.015
,,0.016
,,0.016
,,0.018
,,0.016
,,0.016
,,0.017
,,0.016
,,0.016
,,0.016
,,0.017
,,0.016
,,0.018
,,0.017
,,0.017
,,0.016
,,0.015
,,0.015
,,0.015
,,0.016
,,0.017
,,0.017
,,0.016
,,0.016
,,0.016
,,0.018
,,0.016
,,0.015
,,0.018
,,0.016
,,0.016
,,0.016
,,0.016
,,0.016
,,0.017
,,0.018
,,0.016
,,0.018
,,0.018
,,0.018
,,0.018
,,0.020
,,0.021
,,0.022
,,0.025
,,0.026
,,0.030
,,0.033
,,0.042
,,0.067
,,0.104
,,0.155
,,0.230
,,0.333
,,0.426
,,0.523
,,0.619
,,0.691
,,0.742
,,0.784
,,0.836
,,0.904
,,0.958
,,0.986
,,1.004
,,1.030
,,1.060
,,1.089
,,1.116
,,1.136
,,1.153
,,1.159
,,1.161
,,1.164
,,1.167
,,1.166
,,1.169
,,1.171
,,1.172
,,1.174
,,1.174
,,1.174
,,1.177
,,1.176
,,1.177
,,1.178
,,1.180
,,1.179
,,1.180
,,1.181
,,1.181
,,1.179
,,1.181
,,1.182
,,1.183
,,1.182
,,1.183
,,1.184
,,1.182
,,1.180
,,1.178
,,1.178
,,1.176
,,1.175
,,1.174
,,1.166
,,1.161
,,1.148
,,1.133
,,1.123
,,1.111
,,1.099
,,1.085
,,1.071
,,1.054
,,1.040
,,1.026
,,1.008
,,0.988
,,0.959
,,0.931
,,0.904
,,0.877
,,0.852
,,0.821
,,0.792
,,0.749
,,0.699
,,0.640
,,0.574
,,0.509
,,0.455
,,0.395
,,0.341
,,0.271
,,0.198
,,0.147
,,0.112
,,0.079
,,0.050
,,0.038
,,0.033
,,0.032
,,0.029
,,0.029
,,0.029
,,0.027
,,0.027
,,0.028
,,0.025
,,0.027
,,0.025
,,0.024
,,0.025
,,0.026
,,0.025
,,0.025
,,0.026
,,0.023
,,0.025
,,0.025
,,0.025
,,0.024
,,0.024
,,0.022
,,0.025
,,0.023
,,0.023
,,0.024
,,0.022
,,0.023
,,0.023
,,0.023
,,0.023
,,0.024
,,0.024
,,0.023
,,0.024
,,0.022
,,0.022
,,0.022
,,0.022
,,0.023
,,0.023
,,0.023
,,0.022
,,0.023
,,0.021
,,0.022
,,0.021
,,0.022
,,0.022
,,0.021
,,0.022
,,0.022
,,0.022
,,0.021
,,0.021
,,0.022
,,0.022
,,0.020
,,0.022
,,0.021
,,0.021
,,0.023
,,0.021
,,0.020
,,0.020
,,0.022
,,0.020
,,0.019
,,0.021
,,0.021
,,0.023
,,0.021
,,0.021
,,0.020
,,0.022
,,0.021
,,0.021
,,0.021
,,0.022
,,0.021
,,0.021
,,0.020
,,0.022
,,0.022
,,0.023
,,0.020
,,0.020
,,0.022
,,0.021
,,0.021
,,0.021
,,0.022
,,0.022
,,0.021
,,0.022
,,0.023
,,0.023
,,0.022
,,0.025
,,0.024
,,0.027
,,0.029
,,0.031
,,0.033
,,0.037
,,0.047
,,0.068
,,0.103
,,0.151
,,0.223
,,0.324
,,0.416
,,0.511
,,0.607
,,0.683
,,0.735
,,0.778
,,0.830
,,0.896
,,0.953
,,0.986
,,1.004
,,1.027
,,1.057
,,1.087
,,1.115
,,1.135
,,1.152
,,1.156
,,1.159
,,1.164
,,1.165
,,1.168
,,1.171
,,1.169
,,1.172
,,1.172
,,1.173
,,1.173
,,1.175
,,1.174
,,1.177
,,1.176
,,1.178
,,1.177
,,1.178
,,1.179
,,1.180
,,1.179
,,1.181
,,1.181
,,1.182
,,1.183
,,1.180
,,1.182
,,1.180
,,1.180
,,1.177
,,1.176
,,1.175
,,1.173
,,1.170
,,1.166
,,1.160
,,1.146
,,1.133
,,1.121
,,1.111
,,1.096
,,1.083
,,1.070
,,1.054
,,1.040
,,1.024
,,1.006
,,0.985
,,0.955
,,0.929
,,0.906
,,0.877
,,0.851
,,0.820
,,0.791
,,0.748
,,0.697
,,0.636
,,0.568
,,0.508
,,0.450
,,0.392
,,0.335
,,0.264
,,0.192
,,0.148
,,0.113
,,0.080
,,0.056
,,0.045
,,0.038
,,0.036
,,0.034
,,0.034
,,0.033
,,0.032
,,0.032
,,0.030
,,0.031
,,0.033
,,0.030
,,0.031
,,0.032
,,0.028
,,0.030
,,0.030
,,0.030
,,0.031
,,0.030
,,0.029
,,0.029
,,0.029
,,0.029
,,0.030
,,0.029
,,0.030
,,0.029
,,0.028
,,0.028
,,0.028
,,0.028
,,0.029
,,0.027
,,0.028
,,0.028
,,0.028
,,0.029
,,0.028
,,0.027
,,0.027
,,0.028
,,0.027
,,0.028
,,0.029
,,0.025
,,0.029
,,0.027
,,0.026
,,0.028
,,0.027
,,0.027
,,0.026
,,0.026
,,0.027
,,0.026
,,0.028
,,0.026
,,0.025
,,0.026
,,0.026
,,0.027
,,0.026
,,0.027
,,0.027
,,0.027
,,0.026
,,0.025
,,0.026
,,0.025
,,0.026
,,0.025
,,0.027
,,0.026
,,0.027
,,0.027
,,0.026
,,0.027
,,0.026
,,0.026
,,0.026
,,0.028
,,0.028
,,0.028
,,0.027
,,0.027
,,0.028
,,0.026
,,0.028
,,0.026
,,0.027
,,0.027
,,0.028
,,0.028
,,0.028
,,0.027
,,0.027
,,0.029
,,0.030
,,0.028
,,0.032
,,0.030
,,0.030
,,0.033
,,0.035
,,0.037
,,0.039
,,0.044
,,0.051
,,0.074
,,0.107
,,0.153
,,0.224
,,0.321
,,0.413
,,0.507
,,0.600
,,0.678
,,0.736
,,0.776
,,0.826
,,0.890
,,0.950
,,0.989
,,1.007
,,1.030
,,1.059
,,1.088
,,1.119
,,1.138
,,1.155
,,1.160
,,1.164
,,1.164
,,1.167
,,1.173
,,1.172
,,1.173
,,1.176
,,1.176
,,1.178
,,1.177
,,1.179
,,1.179
,,1.178
,,1.181
,,1.181
,,1.182
,,1.182
,,1.182
,,1.182
,,1.182
,,1.183
,,1.182
,,1.183
,,1.183
,,1.182
,,1.184
,,1.184
,,1.183
,,1.182
,,1.179
,,1.178
,,1.176
,,1.173
,,1.169
,,1.161
,,1.146
,,1.136
,,1.124
,,1.111
,,1.098
,,1.088
,,1.072
,,1.055
,,1.041
,,1.024
,,1.007
,,0.984
,,0.957
,,0.929
,,0.902
,,0.876
,,0.846
,,0.817
,,0.781
,,0.739
,,0.687
,,0.623
,,0.556
,,0.493
,,0.442
,,0.382
,,0.326
,,0.253
,,0.185
,,0.146
,,0.116
,,0.084
,,0.056
,,0.051
,,0.042
,,0.040
,,0.038
,,0.038
,,0.036
,,0.037
,,0.035
,,0.035
,,0.034
,,0.033
,,0.033
,,0.035
,,0.033
,,0.034
,,0.032
,,0.034
,,0.035
,,0.032
,,0.033
,,0.032
,,0.032
,,0.033
,,0.031
,,0.033
,,0.032
,,0.032
,,0.031
,,0.031
,,0.031
,,0.031
,,0.031
,,0.031
,,0.030
,,0.030
,,0.032
,,0.033
,,0.030
,,0.032
,,0.032
,,0.030
,,0.029
,,0.029
,,0.028
,,0.029
,,0.030
,,0.032
,,0.029
,,0.030
,,0.030
,,0.031
,,0.031
,,0.030
,,0.030
,,0.028
,,0.027
,,0.030
,,0.031
,,0.029
,,0.029
,,0.030
,,0.029
,,0.030
,,0.029
,,0.028
,,0.030
,,0.027
,,0.029
,,0.029
,,0.030
,,0.029
,,0.028
,,0.029
,,0.029
,,0.028
,,0.031
,,0.029
,,0.028
,,0.028
,,0.028
,,0.029
,,0.029
,,0.030
,,0.029
,,0.027
,,0.029
,,0.030
,,0.028
,,0.028
,,0.029
,,0.029
,,0.028
,,0.029
,,0.030
,,0.029
,,0.029
,,0.028
,,0.030
,,0.030
,,0.031
,,0.030
,,0.031
,,0.033
,,0.034
,,0.036
,,0.038
,,0.040
,,0.043
,,0.053
,,0.072
,,0.104
,,0.150
,,0.216
,,0.311
,,0.405
,,0.496
,,0.592
,,0.673
,,0.731
,,0.774
,,0.823
,,0.883
,,0.946
,,0.989
,,1.008
,,1.030
,,1.055
,,1.089
,,1.118
,,1.140
,,1.154
,,1.161
,,1.164
,,1.164
,,1.167
,,1.169
,,1.171
,,1.172
,,1.172
,,1.174
,,1.175
,,1.176
,,1.176
,,1.178
,,1.176
,,1.178
,,1.176
,,1.179
,,1.178
,,1.176
,,1.180
,,1.179
,,1.178
,,1.179
,,1.180
,,1.180
,,1.180
,,1.180
,,1.178
,,1.179
,,1.176
,,1.175
,,1.174
,,1.172
,,1.169
,,1.164
,,1.157
,,1.140
,,1.131
,,1.119
,,1.104
,,1.093
,,1.076
,,1.063
,,1.048
,,1.033
,,1.016
,,0.996
,,0.974
,,0.950
,,0.925
,,0.899
,,0.871
,,0.841
,,0.810
,,0.774
,,0.732
,,0.676
,,0.614
,,0.546
,,0.486
,,0.432
,,0.372
,,0.313
,,0.239
,,0.179
,,0.142
,,0.114
,,0.083
,,0.056
,,0.049
,,0.043
,,0.040
,,0.039
,,0.038
,,0.037
,,0.035
,,0.035
,,0.034
,,0.036
,,0.034
,,0.034
,,0.034
,,0.034
,,0.033
,,0.034
,,0.034
,,0.031
,,0.034
,,0.034
,,0.032
,,0.033
,,0.031
,,0.034
,,0.032
,,0.033
,,0.033
,,0.033
,,0.033
,,0.033
,,0.031
,,0.031
,,0.030
,,0.030
,,0.033
,,0.031
,,0.031
,,0.032
,,0.030
,,0.033
,,0.030
,,0.031
,,0.031
,,0.031
,,0.032
,,0.030
,,0.030
,,0.030
,,0.030
,,0.031
,,0.030
,,0.030
,,0.029
,,0.031
,,0.030
,,0.031
,,0.029
,,0.030
,,0.030
,,0.029
,,0.030
,,0.030
,,0.029
,,0.030
,,0.029
,,0.028
,,0.029
,,0.030
,,0.030
,,0.027
,,0.028
,,0.028
,,0.029
,,0.028
,,0.028
,,0.028
,,0.029
,,0.029
,,0.030
,,0.029
,,0.029
,,0.028
,,0.027
,,0.029
,,0.031
,,0.029
,,0.030
,,0.028
,,0.028
,,0.029
,,0.028
,,0.030
,,0.030
,,0.031
,,0.028
,,0.030
,,0.029
,,0.030
,,0.031
,,0.029
,,0.031
,,0.033
,,0.034
,,0.034
,,0.037
,,0.040
,,0.040
,,0.046
,,0.055
,,0.073
,,0.103
,,0.148
,,0.212
,,0.307
,,0.397
,,0.487
,,0.582
,,0.668
,,0.727
,,0.768
,,0.816
,,0.875
,,0.942
,,0.987
,,1.006
,,1.024
,,1.056
,,1.089
,,1.116
,,1.139
,,1.156
,,1.159
,,1.164
,,1.167
,,1.170
,,1.170
,,1.174
,,1.173
,,1.175
,,1.176
,,1.176
,,1.177
,,1.177
,,1.178
,,1.180
,,1.179
,,1.179
,,1.180
,,1.182
,,1.181
,,1.183
,,1.183
,,1.183
,,1.184
,,1.184
,,1.184
,,1.185
,,1.185
,,1.182
,,1.182
,,1.182
,,1.181
,,1.177
,,1.177
,,1.173
,,1.169
,,1.162
,,1.148
,,1.137
,,1.124
,,1.112
,,1.098
,,1.086
,,1.072
,,1.054
,,1.039
,,1.022
,,1.003
,,0.979
,,0.954
,,0.926
,,0.902
,,0.874
,,0.845
,,0.813
,,0.777
,,0.731
,,0.676
,,0.615
,,0.543
,,0.484
,,0.428
,,0.372
,,0.308
,,0.234
,,0.175
,,0.140
,,0.111
,,0.081
,,0.056
,,0.051
,,0.043
,,0.041
,,0.037
,,0.038
,,0.037
,,0.035
,,0.035
,,0.036
,,0.035
,,0.035
,,0.037
,,0.035
,,0.033
,,0.035
,,0.035
,,0.033
,,0.034
,,0.033
,,0.033
,,0.034
,,0.032
,,0.033
,,0.033
,,0.034
,,0.032
,,0.033
,,0.032
,,0.032
,,0.034
,,0.031
,,0.033
,,0.033
,,0.032
,,0.032
,,0.031
,,0.033
,,0.031
,,0.030
,,0.031
,,0.031
,,0.032
,,0.031
,,0.031
,,0.028
,,0.031
,,0.031
,,0.031
,,0.030
,,0.030
,,0.032
,,0.030
,,0.029
,,0.031
,,0.031
,,0.029
,,0.030
,,0.030
,,0.032
,,0.030
,,0.029
,,0.030
,,0.030
,,0.030
,,0.030
,,0.030
,,0.030
,,0.029
,,0.030
,,0.031
,,0.029
,,0.030
,,0.030
,,0.030
,,0.029
,,0.030
,,0.030
,,0.029
,,0.029
,,0.030
,,0.028
,,0.029
,,0.030
,,0.030
,,0.030
,,0.030
,,0.029
,,0.032
,,0.029
,,0.028
,,0.028
,,0.030
,,0.030
,,0.029
,,0.031
,,0.030
,,0.029
,,0.028
,,0.030
,,0.032
,,0.033
,,0.031
,,0.034
,,0.034
,,0.037
,,0.037
,,0.041
,,0.046
,,0.052
,,0.068
,,0.101
,,0.140
,,0.207
,,0.300
,,0.389
,,0.477
,,0.572
,,0.660
,,0.721
,,0.766
,,0.810
,,0.867
,,0.934
,,0.983
,,1.007
,,1.024
,,1.049
,,1.079
,,1.111
,,1.138
,,1.155
,,1.158
,,1.163
,,1.165
,,1.166
,,1.168
,,1.170
,,1.173
,,1.174
,,1.172
,,1.176
,,1.176
,,1.175
,,1.175
,,1.176
,,1.180
,,1.178
,,1.179
,,1.179
,,1.180
,,1.180
,,1.180
,,1.179
,,1.181
,,1.181
,,1.181
,,1.181
,,1.181
,,1.180
,,1.181
,,1.179
,,1.176
,,1.173
,,1.170
,,1.168
,,1.165
,,1.157
,,1.142
,,1.130
,,1.119
,,1.108
,,1.096
,,1.078
,,1.067
,,1.049
,,1.034
,,1.017
,,0.996
,,0.973
,,0.950
,,0.923
,,0.895
,,0.868
,,0.836
,,0.803
,,0.763
,,0.719
,,0.666
,,0.598
,,0.527
,,0.474
,,0.416
,,0.361
,,0.293
,,0.220
,,0.166
,,0.133
,,0.106
,,0.074
,,0.052
,,0.045
,,0.038
,,0.035
,,0.034
,,0.034
,,0.034
,,0.031
,,0.032
,,0.032
,,0.033
,,0.031
,,0.031
,,0.031
,,0.030
,,0.030
,,0.031
,,0.029
,,0.030
,,0.032
,,0.029
,,0.029
,,0.030
,,0.029
,,0.029
,,0.027
,,0.029
,,0.028
,,0.029
,,0.031
,,0.028
,,0.027
,,0.029
,,0.026
,,0.027
,,0.028
,,0.026
,,0.028
,,0.028
,,0.027
,,0.027
,,0.028
,,0.029
,,0.027
,,0.029
,,0.027
,,0.028
,,0.027
,,0.027
,,0.027
,,0.028
,,0.027
,,0.026
,,0.027
,,0.027
,,0.026
,,0.027
,,0.026
,,0.027
,,0.029
,,0.028
,,0.026
,,0.026
,,0.026
,,0.026
,,0.025
,,0.028
,,0.027
,,0.027
,,0.027
,,0.027
,,0.027
,,0.026
,,0.027
,,0.026
,,0.027
,,0.029
,,0.026
,,0.026
,,0.027
,,0.028
,,0.027
,,0.026
,,0.027
,,0.029
,,0.027
,,0.025
,,0.026
,,0.024
,,0.027
,,0.026
,,0.027
,,0.025
,,0.025
,,0.026
,,0.027
,,0.026
,,0.025
,,0.025
,,0.028
,,0.029
,,0.028
,,0.029
,,0.030
,,0.032
,,0.033
,,0.034
,,0.037
,,0.040
,,0.050
,,0.064
,,0.094
,,0.136
,,0.200
,,0.288
,,0.382
,,0.470
,,0.562
,,0.649
,,0.714
,,0.758
,,0.802
,,0.857
,,0.925
,,0.981
,,1.005
,,1.021
,,1.048
,,1.080
,,1.110
,,1.136
,,1.150
,,1.152
,,1.157
,,1.159
,,1.161
,,1.162
,,1.164
,,1.165
,,1.168
,,1.168
,,1.169
,,1.170
,,1.170
,,1.170
,,1.173
,,1.173
,,1.173
,,1.175
,,1.176
,,1.176
,,1.174
,,1.176
,,1.177
,,1.178
,,1.175
,,1.178
,,1.177
,,1.176
,,1.178
,,1.176
,,1.174
,,1.171
,,1.172
,,1.168
,,1.166
,,1.162
,,1.155
,,1.143
,,1.131
,,1.118
,,1.107
,,1.094
,,1.081
,,1.063
,,1.047
,,1.033
,,1.015
,,0.993
,,0.970
,,0.945
,,0.920
,,0.890
,,0.866
,,0.833
,,0.805
,,0.764
,,0.715
,,0.658
,,0.592
,,0.519
,,0.468
,,0.406
,,0.352
,,0.279
,,0.208
,,0.156
,,0.126
,,0.097
,,0.067
,,0.045
,,0.037
,,0.031
,,0.030
,,0.031
,,0.028
,,0.028
,,0.028
,,0.028
,,0.027
,,0.026
,,0.026
,,0.027
,,0.026
,,0.025
,,0.025
,,0.026
,,0.026
,,0.024
,,0.026
,,0.024
,,0.024
,,0.024
,,0.025
,,0.025
,,0.023
,,0.024
,,0.024
,,0.024
,,0.023
,,0.024
,,0.023
,,0.022
,,0.023
,,0.025
,,0.024
,,0.024
,,0.022
,,0.023
,,0.023
,,0.022
,,0.023
,,0.024
,,0.024
,,0.022
,,0.022
,,0.022
,,0.023
,,0.022
,,0.023
,,0.022
,,0.024
,,0.022
,,0.023
,,0.023
,,0.023
,,0.022
,,0.024
,,0.021
,,0.023
,,0.023
,,0.021
,,0.022
,,0.021
,,0.022
,,0.022
,,0.022
,,0.022
,,0.023
,,0.021
,,0.021
,,0.022
,,0.023
,,0.021
,,0.020
,,0.020
,,0.021
,,0.023
,,0.022
,,0.020
,,0.022
,,0.020
,,0.021
,,0.021
,,0.021
,,0.021
,,0.021
,,0.022
,,0.021
,,0.019
,,0.021
,,0.021
,,0.019
,,0.020
,,0.020
,,0.021
,,0.020
,,0.021
,,0.020
,,0.020
,,0.021
,,0.023
,,0.023
,,0.024
,,0.026
,,0.027
,,0.028
,,0.031
,,0.033
,,0.043
,,0.055
,,0.084
,,0.126
,,0.189
,,0.277
,,0.369
,,0.456
,,0.549
,,0.638
,,0.705
,,0.752
,,0.793
,,0.848
,,0.917
,,0.972
,,0.998
,,1.015
,,1.041
,,1.070
,,1.102
,,1.131
,,1.146
,,1.147
,,1.151
,,1.153
,,1.156
,,1.158
,,1.161
,,1.161
,,1.162
,,1.164
,,1.164
,,1.165
,,1.165
,,1.166
,,1.166
,,1.167
,,1.168
,,1.168
,,1.170
,,1.170
,,1.171
,,1.170
,,1.171
,,1.171
,,1.174
,,1.173
,,1.173
,,1.173
,,1.172
,,1.171
,,1.171
,,1.170
,,1.168
,,1.165
,,1.161
,,1.158
,,1.150
,,1.133
,,1.123
,,1.112
,,1.098
,,1.084
,,1.070
,,1.055
,,1.040
,,1.024
,,1.007
,,0.986
,,0.962
,,0.937
,,0.905
,,0.881
,,0.853
,,0.821
,,0.790
,,0.747
,,0.698
,,0.639
,,0.571
,,0.503
,,0.448
,,0.386
,,0.332
,,0.260
,,0.192
,,0.142
,,0.114
,,0.082
,,0.054
,,0.035
,,0.029
,,0.021
,,0.019
,,0.020
,,0.018
,,0.019
,,0.021
,,0.019
,,0.020
,,0.020
,,0.019
,,0.019
,,0.021
,,0.018
,,0.020
,,0.020
,,0.018
,,0.019
,,0.018
,,0.020
,,0.020
,,0.018
,,0.020
,,0.018
,,0.022
,,0.022
,,0.022
,,0.020
,,0.018
,,0.018
,,0.018
,,0.018
,,0.019
,,0.018
,,0.016
,,0.017
,,0.017
,,0.015
,,0.015
,,0.016
,,0.016
,,0.014
,,0.015
,,0.014
,,0.015
,,0.015
,,0.014
,,0.014
,,0.014
,,0.014
,,0.014
,,0.013
,,0.014
,,0.014
,,0.015
,,0.014
,,0.015
,,0.015
,,0.015
,,0.014
,,0.014
,,0.014
,,0.014
,,0.015
,,0.015
,,0.014
,,0.014
,,0.015
,,0.015
,,0.016
,,0.015
,,0.015
,,0.014
,,0.013
,,0.013
,,0.012
,,0.015
,,0.014
,,0.013
,,0.013
,,0.012
,,0.013
,,0.014
,,0.014
,,0.013
,,0.015
,,0.015
,,0.013
,,0.014
,,0.012
,,0.013
,,0.013
,,0.013
,,0.012
,,0.012
,,0.013
,,0.015
,,0.015
,,0.016
,,0.016
,,0.015
,,0.016
,,0.017
,,0.019
,,0.021
,,0.024
,,0.025
,,0.029
,,0.037
,,0.052
,,0.078
,,0.120
,,0.182
,,0.271
,,0.364
,,0.449
,,0.540
,,0.629
,,0.696
,,0.742
,,0.785
,,0.837
,,0.907
,,0.966
,,0.992
,,1.010
,,1.035
,,1.063
,,1.095
,,1.123
,,1.141
,,1.142
,,1.146
,,1.147
,,1.151
,,1.153
,,1.155
,,1.153
,,1.155
,,1.155
,,1.158
,,1.158
,,1.159
,,1.159
,,1.160
,,1.163
,,1.162
,,1.163
,,1.162
,,1.162
,,1.163
,,1.164
,,1.163
,,1.163
,,1.163
,,1.164
,,1.163
,,1.166
,,1.164
,,1.163
,,1.163
,,1.160
,,1.158
,,1.155
,,1.152
,,1.148
,,1.139
,,1.124
,,1.115
,,1.102
,,1.091
,,1.077
,,1.061
,,1.044
,,1.031
,,1.013
,,0.993
,,0.973
,,0.951
,,0.927
,,0.900
,,0.873
,,0.843
,,0.816
,,0.782
,,0.737
,,0.686
,,0.627
,,0.559
,,0.491
,,0.437
,,0.377
,,0.320
,,0.250
,,0.182
,,0.138
,,0.108
,,0.076
,,0.047
,,0.033
,,0.026
,,0.019
,,0.020
,,0.016
,,0.016
,,0.016
,,0.014
,,0.015
,,0.015
,,0.015
,,0.014
,,0.015
,,0.014
,,0.012
,,0.011
,,0.012
,,0.010
,,0.011
,,0.011
,,0.010
,,0.011
,,0.011
,,0.011
,,0.011
,,0.010
,,0.010
,,0.011
,,0.012
,,0.010
,,0.010
,,0.009
,,0.009
,,0.009
,,0.010
,,0.011
,,0.010
,,0.010
,,0.010
,,0.009
,,0.010
,,0.009
,,0.008
,,0.008
,,0.007
,,0.008
,,0.008
,,0.009
,,0.008
,,0.006
,,0.009
,,0.009
,,0.007
,,0.008
,,0.008
,,0.007
,,0.010
,,0.008
,,0.007
,,0.007
,,0.008
,,0.007
,,0.009
,,0.007
,,0.009
,,0.008
,,0.010
,,0.008
,,0.009
,,0.009
,,0.006
,,0.008
,,0.009
,,0.008
,,0.007
,,0.009
,,0.008
,,0.007
,,0.007
,,0.009
,,0.008
,,0.008
,,0.009
,,0.010
,,0.008
,,0.009
,,0.009
,,0.007
,,0.009
,,0.008
,,0.009
,,0.009
,,0.009
,,0.008
,,0.008
,,0.009
,,0.009
,,0.008
,,0.008
,,0.010
,,0.012
,,0.010
,,0.011
,,0.013
,,0.014
,,0.016
,,0.018
,,0.021
,,0.026
,,0.030
,,0.044
,,0.069
,,0.111
,,0.169
,,0.255
,,0.350
,,0.435
,,0.524
,,0.616
,,0.685
,,0.731
,,0.776
,,0.825
,,0.894
,,0.954
,,0.986
,,1.005
,,1.027
,,1.053
,,1.085
,,1.115
,,1.132
,,1.136
,,1.139
,,1.139
,,1.142
,,1.144
,,1.143
,,1.145
,,1.147
,,1.149
,,1.148
,,1.148
,,1.150
,,1.150
,,1.151
,,1.154
,,1.153
,,1.153
,,1.153
,,1.155
,,1.155
,,1.154
,,1.154
,,1.155
,,1.156
,,1.156
,,1.155
,,1.158
,,1.156
,,1.155
,,1.153
,,1.151
,,1.150
,,1.145
,,1.142
,,1.137
,,1.128
,,1.116
,,1.106
,,1.092
,,1.081
,,1.063
,,1.046
,,1.032
,,1.016
,,1.001
,,0.978
,,0.960
,,0.941
,,0.911
,,0.884
,,0.860
,,0.831
,,0.800
,,0.765
,,0.722
,,0.670
,,0.608
,,0.541
,,0.476
,,0.423
,,0.362
,,0.306
,,0.232
,,0.168
,,0.126
,,0.095
,,0.065
,,0.038
,,0.022
,,0.015
,,0.014
,,0.010
,,0.008
,,0.008
,,0.008
,,0.007
,,0.006
,,0.006
,,0.007
,,0.006
,,0.006
,,0.006
,,0.005
,,0.006
,,0.006
,,0.007
,,0.006
,,0.005
,,0.007
,,0.006
,,0.006
,,0.005
,,0.007
,,0.004
,,0.007
,,0.006
,,0.004
,,0.006
,,0.007
,,0.006
,,0.006
,,0.006
,,0.008
,,0.007
,,0.008
,,0.005
,,0.006
,,0.006
,,0.006
,,0.006
,,0.004
,,0.006
,,0.005
,,0.005
,,0.005
,,0.006
,,0.006
,,0.006
,,0.004
,,0.004
,,0.004
,,0.005
,,0.004
,,0.005
,,0.005
,,0.004
,,0.006
,,0.004
,,0.004
,,0.004
,,0.003
,,0.004
,,0.002
,,0.002
,,0.004
,,0.002
,,0.003
,,0.003
,,0.002
,,0.003
,,0.003
,,0.004
,,0.004
,,0.004
,,0.001
,,0.003
,,0.001
,,0.002
,,0.003
,,0.003
,,0.003
,,0.002
,,0.002
,,0.003
,,0.002
,,0.002
,,0.002
,,0.002
,,0.003
,,0.001
,,0.001
,,0.002
,,0.003
,,0.002
,,0.001
,,0.001
,,0.001
,,0.002
,,0.003
,,0.003
,,0.003
,,0.005
,,0.004
,,0.006
,,0.009
,,0.010
,,0.015
,,0.020
,,0.031
,,0.059
,,0.098
,,0.153
,,0.239
,,0.334
,,0.420
,,0.507
,,0.599
,,0.671
,,0.719
,,0.762
,,0.810
,,0.877
,,0.941
,,0.976
,,0.992
,,1.014
,,1.043
,,1.073
,,1.103
,,1.124
,,1.126
,,1.127
,,1.128
,,1.132
,,1.135
,,1.133
,,1.135
,,1.137
,,1.138
,,1.139
,,1.140
,,1.141
,,1.138
,,1.141
,,1.141
,,1.140
,,1.141
,,1.142
,,1.143
,,1.142
,,1.143
,,1.143
,,1.145
,,1.145
,,1.144
,,1.145
,,1.144
,,1.142
,,1.144
,,1.140
,,1.140
,,1.139
,,1.136
,,1.131
,,1.126
,,1.119
,,1.103
,,1.092
,,1.080
,,1.067
,,1.051
,,1.036
,,1.022
,,1.002
,,0.985
,,0.968
,,0.951
,,0.930
,,0.901
,,0.874
,,0.849
,,0.819
,,0.790
,,0.754
,,0.710
,,0.659
,,0.596
,,0.527
,,0.466
,,0.414
,,0.354
,,0.296
,,0.220
,,0.160
,,0.118
,,0.091
,,0.060
,,0.031
,,0.022
,,0.015
,,0.009
,,0.009
,,0.007
,,0.005
,,0.006
,,0.006
,,0.006
,,0.005
,,0.006
,,0.006
,,0.004
,,0.004
,,0.003
,,0.003
,,0.005
,,0.005
,,0.003
,,0.002
,,0.003
,,0.004
,,0.003
,,0.003
,,0.002
,,0.005
,,0.004
,,0.001
,,0.001
,,0.003
,,0.004
,,0.003
,,0.001
,,0.004
,,0.003
,,0.001
,,0.002
,,0.000
,,0.002
,,0.001
,,0.001
,,0.001
,,0.000
,,0.001
,,0.001
,,0.002
,,0.001
,,0.001
,,0.000
,,0.001
,,0.000
,,0.001
,,0.000
,,0.000
,,-0.001
,,-0.001
,,0.000
,,0.001
,,0.000
,,0.000
,,0.001
,,0.000
,,0.000
,,0.000
,,0.001
,,-0.001
,,-0.001
,,0.000
,,-0.002
,,0.001
,,-0.001
,,0.000
,,-0.001
,,0.000
,,-0.001
,,-0.001
,,-0.001
,,0.000
,,-0.001
,,-0.002
,,0.000
,,0.000
,,0.000
,,-0.002
,,-0.001
,,-0.001
,,-0.002
,,-0.002
,,0.000
,,0.000
,,-0.002
,,-0.001
,,-0.001
,,-0.003
,,0.001
,,-0.001
,,-0.001
,,-0.001
,,-0.001
,,0.001
,,0.000
,,0.001
,,0.000
,,0.001
,,0.002
,,0.005
,,0.006
,,0.007
,,0.012
,,0.019
,,0.030
,,0.055
,,0.093
,,0.149
,,0.230
,,0.322
,,0.405
,,0.488
,,0.570
,,0.640
,,0.708
,,0.752
,,0.798
,,0.859
,,0.928
,,0.970
,,0.985
,,1.007
,,1.033
,,1.061
,,1.097
,,1.117
,,1.118
,,1.120
,,1.122
,,1.123
,,1.125
,,1.125
,,1.127
,,1.127
,,1.127
,,1.130
,,1.129
,,1.130
,,1.132
,,1.131
,,1.131
,,1.131
,,1.133
,,1.133
,,1.134
,,1.133
,,1.134
,,1.133
,,1.135
,,1.133
,,1.134
,,1.134
,,1.134
,,1.135
,,1.132
,,1.131
,,1.131
,,1.126
,,1.126
,,1.121
,,1.116
,,1.108
,,1.093
,,1.080
,,1.069
,,1.054
,,1.038
,,1.025
,,1.009
,,0.995
,,0.977
,,0.962
,,0.946
,,0.921
,,0.891
,,0.865
,,0.842
,,0.811
,,0.781
,,0.745
,,0.701
,,0.649
,,0.590
,,0.519
,,0.459
,,0.404
,,0.350
,,0.290
,,0.216
,,0.154
,,0.117
,,0.089
,,0.055
,,0.029
,,0.020
,,0.013
,,0.007
,,0.009
,,0.007
,,0.007
,,0.005
,,0.006
,,0.004
,,0.002
,,0.004
,,0.004
,,0.003
,,0.004
,,0.002
,,0.002
,,0.003
,,0.001
,,0.002
,,0.001
,,0.001
,,0.001
,,0.000
,,0.001
,,0.002
,,0.001
,,0.002
,,0.000
,,0.001
,,0.002
,,0.001
,,0.001
,,0.000
,,0.000
,,0.001
,,0.000
,,0.001
,,0.001
,,0.001
,,-0.001
,,0.003
,,-0.001
,,0.001
,,0.002
,,-0.001
,,0.001
,,-0.001
,,-0.001
,,0.001
,,0.000
,,0.001
,,-0.001
,,0.000
,,0.000
,,0.001
,,0.002
,,0.001
,,0.002
,,0.001
,,0.002
,,0.001
,,0.002
,,0.000
,,0.000
,,0.001
,,0.002
,,0.002
,,0.002
,,0.001
,,0.001
,,0.001
,,0.002
,,0.001
,,0.002
,,0.001
,,0.001
,,0.000
,,0.001
,,0.001
,,0.002
,,0.001
,,0.003
,,0.002
,,0.001
,,0.001
,,0.002
,,0.001
,,0.001
,,0.001
,,0.002
,,0.002
,,0.001
,,0.000
,,0.000
,,0.000
,,0.001
,,0.001
,,0.000
,,0.000
,,0.002
,,0.003
,,0.003
,,0.004
,,0.004
,,0.005
,,0.007
,,0.008
,,0.012
,,0.013
,,0.017
,,0.029
,,0.053
,,0.090
,,0.143
,,0.222
,,0.314
,,0.397
,,0.477
,,0.560
,,0.633
,,0.700
,,0.745
,,0.788
,,0.849
,,0.920
,,0.966
,,0.981
,,1.000
,,1.029
,,1.055
,,1.089
,,1.109
,,1.111
,,1.114
,,1.117
,,1.118
,,1.119
,,1.121
,,1.120
,,1.121
,,1.122
,,1.122
,,1.124
,,1.125
,,1.124
,,1.126
,,1.125
,,1.126
,,1.127
,,1.125
,,1.127
,,1.128
,,1.128
,,1.127
,,1.129
,,1.127
,,1.128
,,1.127
,,1.127
,,1.126
,,1.125
,,1.125
,,1.124
,,1.121
,,1.118
,,1.116
,,1.110
,,1.101
,,1.086
,,1.075
,,1.062
,,1.047
,,1.031
,,1.017
,,1.002
,,0.988
,,0.972
,,0.955
,,0.936
,,0.912
,,0.882
,,0.859
,,0.832
,,0.804
,,0.774
,,0.738
,,0.692
,,0.641
,,0.578
,,0.511
,,0.452
,,0.398
,,0.342
,,0.283
,,0.211
,,0.152
,,0.115
,,0.088
,,0.056
,,0.028
,,0.022
,,0.015
,,0.011
,,0.010
,,0.008
,,0.008
,,0.006
,,0.008
,,0.007
,,0.005
,,0.006
,,0.005
,,0.004
,,0.006
,,0.005
,,0.005
,,0.004
,,0.004
,,0.006
,,0.005
,,0.003
,,0.005
,,0.003
,,0.004
,,0.003
,,0.003
,,0.003
,,0.003
,,0.003
,,0.003
,,0.003
,,0.001
,,0.002
,,0.004
,,0.002
,,0.004
,,0.001
,,0.002
,,0.002
,,0.003
,,0.002
,,0.001
,,0.001
,,0.001
,,0.001
,,0.002
,,0.002
,,0.001
,,0.001
,,0.002
,,0.001
,,0.002
,,0.000
,,0.000
,,0.002
,,0.001
,,0.000
,,0.001
,,0.000
,,0.001
,,0.001
,,0.001
,,0.002
,,0.000
,,0.001
,,0.001
,,0.001
,,0.000
,,0.000
,,0.002
,,0.000
,,0.002
,,0.001
,,0.002
,,0.001
,,0.000
,,0.001
,,0.001
,,0.001
,,0.001
,,0.000
,,-0.002
,,0.000
,,0.002
,,0.001
,,0.000
,,0.000
,,0.001
,,0.001
,,0.001
,,0.001
,,-0.001
,,0.000
,,0.001
,,0.001
,,0.000
,,0.001
,,0.000
,,0.000
,,0.002
,,0.003
,,0.002
,,0.003
,,0.004
,,0.006
,,0.005
,,0.008
,,0.010
,,0.013
,,0.019
,,0.024
,,0.049
,,0.087
,,0.136
,,0.213
,,0.306
,,0.392
,,0.476
,,0.568
,,0.645
,,0.699
,,0.739
,,0.785
,,0.847
,,0.913
,,0.956
,,0.971
,,0.993
,,1.022
,,1.048
,,1.082
,,1.104
,,1.106
,,1.110
,,1.110
,,1.109
,,1.113
,,1.114
,,1.113
,,1.114
,,1.114
,,1.117
,,1.116
,,1.116
,,1.116
,,1.116
,,1.119
,,1.119
,,1.118
,,1.120
,,1.118
,,1.118
,,1.119
,,1.119
,,1.119
,,1.119
,,1.121
,,1.119
,,1.120
,,1.118
,,1.118
,,1.116
,,1.117
,,1.113
,,1.109
,,1.107
,,1.102
,,1.093
,,1.077
,,1.067
,,1.054
,,1.040
,,1.025
,,1.012
,,0.998
,,0.982
,,0.964
,,0.947
,,0.929
,,0.906
,,0.877
,,0.853
,,0.827
,,0.797
,,0.767
,,0.730
,,0.682
,,0.628
,,0.567
,,0.500
,,0.444
,,0.389
,,0.335
,,0.273
,,0.203
,,0.146
,,0.113
,,0.085
,,0.052
,,0.025
,,0.021
,,0.013
,,0.012
,,0.010
,,0.008
,,0.010
,,0.009
,,0.009
,,0.009
,,0.008
,,0.007
,,0.007
,,0.008
,,0.007
,,0.007
,,0.008
,,0.006
,,0.008
,,0.005
,,0.008
,,0.006
,,0.008
,,0.006
,,0.005
,,0.008
,,0.007
,,0.005
,,0.005
,,0.005
,,0.006
,,0.005
,,0.005
,,0.006
,,0.005
,,0.005
,,0.006
,,0.004
,,0.005
,,0.005
,,0.006
,,0.006
,,0.004
,,0.005
,,0.005
,,0.004
,,0.004
,,0.004
,,0.004
,,0.006
,,0.004
,,0.005
,,0.005
,,0.004
,,0.004
,,0.003
,,0.004
,,0.004
,,0.002
,,0.005
,,0.006
,,0.004
,,0.007
,,0.004
,,0.004
,,0.004
,,0.005
,,0.002
,,0.005
,,0.004
,,0.004
,,0.003
,,0.005
,,0.004
,,0.004
,,0.004
,,0.002
,,0.003
,,0.003
,,0.003
,,0.004
,,0.002
,,0.004
,,0.003
,,0.004
,,0.007
,,0.004
,,0.005
,,0.004
,,0.004
,,0.005
,,0.005
,,0.005
,,0.004
,,0.005
,,0.007
,,0.005
,,0.006
,,0.005
,,0.006
,,0.006
,,0.006
,,0.008
,,0.007
,,0.010
,,0.009
,,0.011
,,0.012
,,0.015
,,0.016
,,0.021
,,0.031
,,0.051
,,0.088
,,0.136
,,0.210
,,0.304
,,0.386
,,0.473
,,0.562
,,0.642
,,0.698
,,0.735
,,0.781
,,0.839
,,0.906
,,0.954
,,0.970
,,0.990
,,1.015
,,1.047
,,1.078
,,1.100
,,1.102
,,1.106
,,1.106
,,1.110
,,1.110
,,1.112
,,1.113
,,1.112
,,1.113
,,1.114
,,1.114
,,1.116
,,1.114
,,1.115
,,1.116
,,1.115
,,1.117
,,1.117
,,1.118
,,1.118
,,1.117
,,1.118
,,1.119
,,1.119
,,1.117
,,1.118
,,1.119
,,1.118
,,1.117
,,1.116
,,1.114
,,1.112
,,1.110
,,1.107
,,1.101
,,1.090
,,1.077
,,1.065
,,1.053
,,1.038
,,1.024
,,1.010
,,0.993
,,0.980
,,0.964
,,0.948
,,0.927
,,0.904
,,0.876
,,0.852
,,0.825
,,0.797
,,0.766
,,0.728
,,0.682
,,0.627
,,0.569
,,0.496
,,0.445
,,0.390
,,0.335
,,0.272
,,0.201
,,0.146
,,0.113
,,0.084
,,0.051
,,0.028
,,0.023
,,0.016
,,0.016
,,0.013
,,0.012
,,0.012
,,0.013
,,0.013
,,0.010
,,0.010
,,0.010
,,0.010
,,0.011
,,0.009
,,0.011
,,0.010
,,0.008
,,0.010
,,0.007
,,0.010
,,0.009
,,0.006
,,0.007
,,0.009
,,0.006
,,0.007
,,0.008
,,0.007
,,0.010
,,0.009
,,0.007
,,0.007
,,0.007
,,0.008
,,0.007
,,0.007
,,0.008
,,0.007
,,0.007
,,0.007
,,0.007
,,0.008
,,0.006
,,0.007
,,0.007
,,0.006
,,0.006
,,0.007
,,0.008
,,0.006
,,0.005
,,0.004
,,0.006
,,0.005
,,0.004
,,0.004
,,0.004
,,0.004
,,0.005
,,0.004
,,0.005
,,0.006
,,0.007
,,0.005
,,0.006
,,0.007
,,0.005
,,0.004
,,0.005
,,0.005
,,0.005
,,0.006
,,0.005
,,0.006
,,0.006
,,0.006
,,0.007
,,0.005
,,0.005
,,0.006
,,0.006
,,0.004
,,0.006
,,0.005
,,0.006
,,0.005
,,0.005
,,0.006
,,0.006
,,0.007
,,0.005
,,0.006
,,0.006
,,0.006
,,0.004
,,0.005
,,0.006
,,0.006
,,0.005
,,0.004
,,0.006
,,0.007
,,0.007
,,0.009
,,0.010
,,0.011
,,0.012
,,0.015
,,0.015
,,0.021
,,0.032
,,0.051
,,0.087
,,0.135
,,0.205
,,0.300
,,0.384
,,0.466
,,0.556
,,0.635
,,0.692
,,0.734
,,0.778
,,0.834
,,0.902
,,0.949
,,0.969
,,0.987
,,1.017
,,1.045
,,1.076
,,1.100
,,1.100
,,1.103
,,1.104
,,1.107
,,1.108
,,1.108
,,1.110
,,1.110
,,1.112
,,1.112
,,1.112
,,1.111
,,1.113
,,1.111
,,1.113
,,1.114
,,1.116
,,1.115
,,1.115
,,1.115
,,1.116
,,1.115
,,1.115
,,1.115
,,1.117
,,1.115
,,1.115
,,1.114
,,1.115
,,1.113
,,1.111
,,1.111
,,1.107
,,1.105
,,1.100
,,1.089
,,1.076
,,1.065
,,1.053
,,1.040
,,1.027
,,1.012
,,0.997
,,0.981
,,0.963
,,0.946
,,0.924
,,0.899
,,0.874
,,0.850
,,0.821
,,0.795
,,0.764
,,0.725
,,0.680
,,0.626
,,0.564
,,0.492
,,0.443
,,0.386
,,0.331
,,0.269
,,0.198
,,0.143
,,0.110
,,0.082
,,0.051
,,0.030
,,0.023
,,0.015
,,0.015
,,0.014
,,0.013
,,0.015
,,0.011
,,0.013
,,0.010
,,0.011
,,0.010
,,0.011
,,0.010
,,0.011
,,0.012
,,0.011
,,0.010
,,0.011
,,0.011
,,0.012
,,0.010
,,0.011
,,0.013
,,0.011
,,0.010
,,0.012
,,0.011
,,0.012
,,0.011
,,0.012
,,0.011
,,0.012
,,0.012
,,0.012
,,0.011
,,0.011
,,0.009
,,0.011
,,0.011
,,0.012
,,0.011
,,0.009
,,0.010
,,0.012
,,0.009
,,0.011
,,0.009
,,0.011
,,0.008
,,0.010
,,0.010
,,0.010
,,0.010
,,0.009
,,0.009
,,0.010
,,0.009
,,0.008
,,0.008
,,0.007
,,0.009
,,0.009
,,0.008
,,0.009
,,0.007
,,0.008
,,0.008
,,0.009
,,0.008
,,0.007
,,0.008
,,0.007
,,0.008
,,0.007
,,0.009
,,0.008
,,0.009
,,0.008
,,0.007
,,0.009
,,0.008
,,0.008
,,0.009
,,0.008
,,0.007
,,0.008
,,0.007
,,0.006
,,0.008
,,0.009
,,0.007
,,0.007
,,0.007
,,0.008
,,0.006
,,0.008
,,0.007
,,0.007
,,0.007
,,0.009
,,0.009
,,0.010
,,0.010
,,0.011
,,0.013
,,0.013
,,0.014
,,0.019
,,0.020
,,0.024
,,0.032
,,0.051
,,0.087
,,0.134
,,0.204
,,0.297
,,0.381
,,0.463
,,0.553
,,0.633
,,0.690
,,0.732
,,0.775
,,0.831
,,0.900
,,0.947
,,0.969
,,0.986
,,1.012
,,1.044
,,1.075
,,1.098
,,1.101
,,1.106
,,1.106
,,1.106
,,1.107
,,1.109
,,1.109
,,1.110
,,1.110
,,1.111
,,1.109
,,1.111
,,1.114
,,1.111
,,1.113
,,1.112
,,1.112
,,1.112
,,1.113
,,1.114
,,1.114
,,1.115
,,1.116
,,1.115
,,1.114
,,1.116
,,1.115
,,1.114
,,1.112
,,1.113
,,1.110
,,1.108
,,1.107
,,1.103
,,1.096
,,1.085
,,1.072
,,1.061
,,1.048
,,1.036
,,1.020
,,1.006
,,0.989
,,0.976
,,0.958
,,0.942
,,0.920
,,0.895
,,0.871
,,0.849
,,0.822
,,0.796
,,0.764
,,0.726
,,0.678
,,0.622
,,0.560
,,0.491
,,0.445
,,0.385
,,0.333
,,0.267
,,0.198
,,0.146
,,0.113
,,0.083
,,0.051
,,0.033
,,0.025
,,0.019
,,0.018
,,0.016
,,0.016
,,0.017
,,0.015
,,0.015
,,0.015
,,0.017
,,0.014
,,0.015
,,0.014
,,0.013
,,0.014
,,0.014
,,0.013
,,0.011
,,0.013
,,0.014
,,0.013
,,0.012
,,0.013
,,0.012
,,0.014
,,0.012
,,0.012
,,0.012
,,0.011
,,0.012
,,0.013
,,0.012
,,0.013
,,0.012
,,0.011
,,0.012
,,0.011
,,0.010
,,0.012
,,0.012
,,0.010
,,0.011
,,0.011
,,0.013
,,0.011
,,0.011
,,0.012
,,0.012
,,0.012
,,0.010
,,0.010
,,0.010
,,0.011
,,0.010
,,0.010
,,0.011
,,0.010
,,0.011
,,0.011
,,0.010
,,0.009
,,0.010
,,0.010
,,0.010
,,0.010
,,0.012
,,0.010
,,0.008
,,0.010
,,0.010
,,0.010
,,0.008
,,0.011
,,0.009
,,0.010
,,0.009
,,0.010
,,0.010
,,0.010
,,0.009
,,0.009
,,0.011
,,0.010
,,0.011
,,0.010
,,0.009
,,0.010
,,0.011
,,0.011
,,0.009
,,0.008
,,0.009
,,0.009
,,0.010
,,0.011
,,0.009
,,0.011
,,0.010
,,0.010
,,0.011
,,0.011
,,0.012
,,0.014
,,0.013
,,0.013
,,0.014
,,0.016
,,0.019
,,0.021
,,0.025
,,0.033
,,0.049
,,0.084
,,0.131
,,0.198
,,0.291
,,0.376
,,0.459
,,0.549
,,0.630
,,0.688
,,0.730
,,0.773
,,0.828
,,0.895
,,0.946
,,0.967
,,0.983
,,1.010
,,1.040
,,1.075
,,1.098
,,1.100
,,1.102
,,1.103
,,1.105
,,1.105
,,1.108
,,1.107
,,1.106
,,1.108
,,1.108
,,1.110
,,1.108
,,1.111
,,1.109
,,1.111
,,1.111
,,1.110
,,1.110
,,1.110
,,1.111
,,1.112
,,1.111
,,1.112
,,1.111
,,1.112
,,1.111
,,1.111
,,1.111
,,1.110
,,1.109
,,1.107
,,1.106
,,1.102
,,1.098
,,1.094
,,1.082
,,1.067
,,1.056
,,1.044
,,1.028
,,1.016
,,1.002
,,0.989
,,0.973
,,0.956
,,0.939
,,0.917
,,0.892
,,0.868
,,0.844
,,0.814
,,0.790
,,0.757
,,0.718
,,0.670
,,0.613
,,0.551
,,0.489
,,0.437
,,0.380
,,0.325
,,0.261
,,0.193
,,0.144
,,0.112
,,0.084
,,0.052
,,0.036
,,0.029
,,0.022
,,0.021
,,0.022
,,0.019
,,0.019
,,0.017
,,0.016
,,0.018
,,0.017
,,0.018
,,0.017
,,0.016
,,0.014
,,0.017
,,0.017
,,0.017
,,0.018
,,0.015
,,0.017
,,0.016
,,0.016
,,0.016
,,0.014
,,0.016
,,0.015
,,0.015
,,0.015
,,0.014
,,0.015
,,0.016
,,0.014
,,0.013
,,0.016
,,0.015
,,0.013
,,0.014
,,0.014
,,0.015
,,0.015
,,0.012
,,0.014
,,0.013
,,0.013
,,0.015
,,0.014
,,0.013
,,0.015
,,0.014
,,0.014
,,0.016
,,0.014
,,0.014
,,0.014
,,0.015
,,0.015
,,0.014
,,0.013
,,0.013
,,0.013
,,0.013
,,0.012
,,0.013
,,0.014
,,0.013
,,0.012
,,0.012
,,0.012
,,0.012
,,0.012
,,0.012
,,0.012
,,0.013
,,0.012
,,0.012
,,0.011
,,0.012
,,0.012
,,0.011
,,0.011
,,0.010
,,0.012
,,0.013
,,0.012
,,0.012
,,0.010
,,0.010
,,0.011
,,0.010
,,0.012
,,0.010
,,0.010
,,0.014
,,0.011
,,0.011
,,0.010
,,0.009
,,0.011
,,0.012
,,0.012
,,0.013
,,0.013
,,0.014
,,0.016
,,0.017
,,0.015
,,0.019
,,0.021
,,0.024
,,0.028
,,0.037
,,0.055
,,0.086
,,0.134
,,0.199
,,0.292
,,0.375
,,0.457
,,0.546
,,0.628
,,0.689
,,0.733
,,0.774
,,0.828
,,0.893
,,0.947
,,0.969
,,0.986
,,1.014
,,1.043
,,1.075
,,1.098
,,1.101
,,1.104
,,1.104
,,1.108
,,1.106
,,1.109
,,1.109
,,1.108
,,1.109
,,1.109
,,1.111
,,1.110
,,1.110
,,1.112
,,1.113
,,1.114
,,1.114
,,1.112
,,1.112
,,1.114
,,1.115
,,1.113
,,1.116
,,1.114
,,1.114
,,1.115
,,1.115
,,1.116
,,1.114
,,1.113
,,1.110
,,1.108
,,1.104
,,1.102
,,1.098
,,1.085
,,1.072
,,1.059
,,1.046
,,1.034
,,1.019
,,1.005
,,0.991
,,0.973
,,0.955
,,0.939
,,0.916
,,0.892
,,0.869
,,0.844
,,0.819
,,0.794
,,0.762
,,0.722
,,0.671
,,0.617
,,0.552
,,0.488
,,0.437
,,0.379
,,0.325
,,0.259
,,0.190
,,0.143
,,0.110
,,0.084
,,0.052
,,0.037
,,0.030
,,0.022
,,0.022
,,0.021
,,0.019
,,0.018
,,0.018
,,0.018
,,0.018
,,0.018
,,0.017
,,0.018
,,0.018
,,0.018
,,0.016
,,0.015
,,0.016
,,0.016
,,0.017
,,0.017
,,0.015
,,0.015
,,0.014
,,0.016
,,0.015
,,0.015
,,0.016
,,0.014
,,0.013
,,0.015
,,0.014
,,0.015
,,0.015
,,0.015
,,0.015
,,0.015
,,0.013
,,0.014
,,0.014
,,0.015
,,0.014
,,0.014
,,0.014
,,0.012
,,0.014
,,0.014
,,0.013
,,0.013
,,0.015
,,0.014
,,0.015
,,0.012
,,0.013
,,0.013
,,0.014
,,0.013
,,0.014
,,0.014
,,0.015
,,0.014
,,0.013
,,0.013
,,0.014
,,0.013
,,0.012
,,0.012
,,0.014
,,0.013
,,0.014
,,0.014
,,0.013
,,0.013
,,0.015
,,0.013
,,0.012
,,0.015
,,0.012
,,0.013
,,0.014
,,0.014
,,0.014
,,0.012
,,0.014
,,0.014
,,0.013
,,0.012
,,0.014
,,0.012
,,0.013
,,0.013
,,0.012
,,0.014
,,0.013
,,0.013
,,0.014
,,0.014
,,0.013
,,0.014
,,0.014
,,0.016
,,0.015
,,0.014
,,0.015
,,0.018
,,0.017
,,0.018
,,0.019
,,0.021
,,0.025
,,0.027
,,0.036
,,0.053
,,0.084
,,0.129
,,0.196
,,0.285
,,0.369
,,0.446
,,0.526
,,0.602
,,0.672
,,0.728
,,0.764
,,0.815
,,0.881
,,0.940
,,0.964
,,0.981
,,1.006
,,1.036
,,1.070
,,1.093
,,1.097
,,1.099
,,1.100
,,1.101
,,1.101
,,1.104
,,1.105
,,1.105
,,1.106
,,1.106
,,1.107
,,1.107
,,1.109
,,1.108
,,1.109
,,1.110
,,1.110
,,1.111
,,1.111
,,1.110
,,1.111
,,1.111
,,1.108
,,1.112
,,1.110
,,1.112
,,1.112
,,1.110
,,1.108
,,1.106
,,1.106
,,1.105
,,1.102
,,1.098
,,1.093
,,1.080
,,1.067
,,1.054
,,1.042
,,1.028
,,1.012
,,0.998
,,0.980
,,0.965
,,0.949
,,0.930
,,0.905
,,0.887
,,0.863
,,0.840
,,0.814
,,0.786
,,0.756
,,0.719
,,0.668
,,0.613
,,0.551
,,0.485
,,0.433
,,0.375
,,0.323
,,0.253
,,0.187
,,0.142
,,0.110
,,0.081
,,0.050
,,0.035
,,0.031
,,0.025
,,0.022
,,0.021
,,0.019
,,0.019
,,0.017
,,0.019
,,0.019
,,0.017
,,0.017
,,0.017
,,0.017
,,0.017
,,0.017
,,0.016
,,0.017
,,0.017
,,0.017
,,0.016
,,0.015
,,0.016
,,0.015
,,0.016
,,0.015
,,0.015
,,0.015
,,0.016
,,0.016
,,0.016
,,0.015
,,0.015
,,0.016
,,0.016
,,0.016
,,0.013
,,0.016
,,0.015
,,0.015
,,0.016
,,0.014
,,0.015
,,0.015
,,0.016
,,0.016
,,0.016
,,0.017
,,0.014
,,0.014
,,0.014
,,0.015
,,0.015
,,0.013
,,0.015
,,0.016
,,0.014
,,0.013
,,0.014
,,0.015
,,0.014
,,0.014
,,0.013
,,0.014
,,0.013
,,0.015
,,0.014
,,0.013
,,0.017
,,0.015
,,0.014
,,0.015
,,0.014
,,0.014
,,0.014
,,0.014
,,0.014
,,0.015
,,0.014
,,0.014
,,0.015
,,0.013
,,0.014
,,0.014
,,0.015
,,0.013
,,0.014
,,0.014
,,0.014
,,0.014
,,0.012
,,0.014
,,0.014
,,0.015
,,0.013
,,0.014
,,0.013
,,0.015
,,0.015
,,0.015
,,0.016
,,0.015
,,0.017
,,0.014
,,0.016
,,0.018
,,0.018
,,0.020
,,0.024
,,0.024
,,0.027
,,0.035
,,0.051
,,0.083
,,0.128
,,0.195
,,0.283
,,0.366
,,0.444
,,0.522
,,0.598
,,0.672
,,0.726
,,0.765
,,0.813
,,0.879
,,0.935
,,0.963
,,0.981
,,1.006
,,1.036
,,1.068
,,1.089
,,1.095
,,1.097
,,1.098
,,1.101
,,1.101
,,1.103
,,1.101
,,1.103
,,1.101
,,1.104
,,1.104
,,1.104
,,1.105
,,1.105
,,1.105
,,1.106
,,1.106
,,1.105
,,1.108
,,1.107
,,1.108
,,1.107
,,1.106
,,1.110
,,1.108
,,1.108
,,1.109
,,1.106
,,1.105
,,1.104
,,1.104
,,1.100
,,1.098
,,1.095
,,1.090
,,1.079
,,1.063
,,1.052
,,1.040
,,1.027
,,1.014
,,0.994
,,0.977
,,0.963
,,0.947
,,0.931
,,0.906
,,0.879
,,0.856
,,0.830
,,0.804
,,0.779
,,0.743
,,0.703
,,0.653
,,0.596
,,0.534
,,0.473
,,0.424
,,0.369
,,0.314
,,0.243
,,0.182
,,0.136
,,0.109
,,0.078
,,0.050
,,0.036
,,0.030
,,0.023
,,0.022
,,0.020
,,0.020
,,0.021
,,0.020
,,0.019
,,0.017
,,0.020
,,0.019
,,0.018
,,0.018
,,0.018
,,0.016
,,0.016
,,0.017
,,0.016
,,0.016
,,0.015
,,0.015
,,0.017
,,0.017
,,0.016
,,0.017
,,0.016
,,0.015
,,0.016
,,0.016
,,0.015
,,0.017
,,0.015
,,0.016
,,0.017
,,0.015
,,0.017
,,0.015
,,0.017
,,0.015
,,0.015
,,0.016
,,0.015
,,0.016
,,0.017
,,0.016
,,0.016
,,0.016
,,0.016
,,0.015
,,0.016
,,0.015
,,0.017
,,0.014
,,0.014
,,0.014
,,0.017
,,0.017
,,0.015
,,0.014
,,0.016
,,0.015
,,0.015
,,0.013
,,0.015
,,0.015
,,0.015
,,0.015
,,0.015
,,0.014
,,0.016
,,0.014
,,0.013
,,0.015
,,0.017
,,0.014
,,0.014
,,0.014
,,0.014
,,0.014
,,0.015
,,0.014
,,0.015
,,0.014
,,0.015
,,0.015
,,0.013
,,0.015
,,0.013
,,0.014
,,0.014
,,0.014
,,0.014
,,0.014
,,0.014
,,0.012
,,0.013
,,0.014
,,0.014
,,0.013
,,0.013
,,0.015
,,0.016
,,0.017
,,0.018
,,0.017
,,0.019
,,0.022
,,0.023
,,0.025
,,0.029
,,0.036
,,0.052
,,0.083
,,0.127
,,0.191
,,0.280
,,0.363
,,0.441
,,0.522
,,0.596
,,0.668
,,0.723
,,0.763
,,0.809
,,0.875
,,0.937
,,0.965
,,0.982
,,1.006
,,1.033
,,1.069
,,1.090
,,1.094
,,1.095
,,1.098
,,1.099
,,1.101
,,1.102
,,1.102
,,1.101
,,1.102
,,1.102
,,1.103
,,1.105
,,1.104
,,1.107
,,1.105
,,1.105
,,1.107
,,1.106
,,1.105
,,1.107
,,1.106
,,1.108
,,1.108
,,1.107
,,1.108
,,1.108
,,1.108
,,1.107
,,1.107
,,1.102
,,1.103
,,1.101
,,1.098
,,1.093
,,1.089
,,1.078
,,1.065
,,1.054
,,1.041
,,1.027
,,1.013
,,0.997
,,0.984
,,0.966
,,0.952
,,0.930
,,0.907
,,0.882
,,0.861
,,0.835
,,0.809
,,0.784
,,0.746
,,0.706
,,0.656
,,0.601
,,0.538
,,0.476
,,0.428
,,0.370
,,0.316
,,0.247
,,0.182
,,0.140
,,0.109
,,0.078
,,0.049
,,0.038
,,0.031
,,0.024
,,0.024
,,0.022
,,0.021
,,0.022
,,0.020
,,0.020
,,0.019
,,0.018
,,0.019
,,0.019
,,0.020
,,0.019
,,0.019
,,0.018
,,0.018
,,0.018
,,0.018
,,0.017
,,0.018
,,0.018
,,0.017
,,0.017
,,0.017
,,0.017
,,0.018
,,0.017
,,0.019
,,0.017
,,0.018
,,0.019
,,0.019
,,0.019
,,0.017
,,0.016
,,0.018
,,0.019
,,0.018
,,0.018
,,0.017
,,0.017
,,0.017
,,0.017
,,0.016
,,0.017
,,0.016
,,0.019
,,0.018
,,0.016
,,0.017
,,0.017
,,0.017
,,0.017
,,0.015
,,0.016
,,0.017
,,0.017
,,0.017
,,0.017
,,0.017
,,0.016
,,0.015
,,0.016
,,0.017
,,0.015
,,0.016
,,0.013
,,0.015
,,0.016
,,0.014
,,0.015
,,0.014
,,0.015
,,0.015
,,0.014
,,0.015
,,0.014
,,0.014
,,0.015
,,0.015
,,0.015
,,0.014
,,0.013
,,0.015
,,0.014
,,0.015
,,0.014
,,0.015
,,0.014
,,0.016
,,0.014
,,0.014
,,0.015
,,0.013
,,0.014
,,0.013
,,0.015
,,0.015
,,0.015
,,0.015
,,0.018
,,0.017
,,0.017
,,0.021
,,0.021
,,0.021
,,0.022
,,0.026
,,0.029
,,0.037
,,0.053
,,0.084
,,0.126
,,0.190
,,0.277
,,0.359
,,0.439
,,0.519
,,0.594
,,0.665
,,0.723
,,0.761
,,0.809
,,0.872
,,0.936
,,0.965
,,0.979
,,1.006
,,1.034
,,1.064
,,1.090
,,1.094
,,1.097
,,1.097
,,1.100
,,1.099
,,1.102
,,1.101
,,1.103
,,1.102
,,1.103
,,1.104
,,1.105
,,1.105
,,1.105
,,1.105
,,1.106
,,1.105
,,1.106
,,1.107
,,1.106
,,1.106
,,1.108
,,1.107
,,1.107
,,1.108
,,1.107
,,1.106
,,1.105
,,1.105
,,1.104
,,1.102
,,1.101
,,1.098
,,1.096
,,1.088
,,1.079
,,1.061
,,1.050
,,1.039
,,1.026
,,1.010
,,0.997
,,0.981
,,0.964
,,0.949
,,0.931
,,0.908
,,0.883
,,0.862
,,0.836
,,0.811
,,0.785
,,0.747
,,0.708
,,0.658
,,0.602
,,0.539
,,0.478
,,0.427
,,0.370
,,0.316
,,0.244
,,0.182
,,0.138
,,0.109
,,0.080
,,0.051
,,0.038
,,0.030
,,0.025
,,0.022
,,0.022
,,0.021
,,0.023
,,0.021
,,0.020
,,0.021
,,0.020
,,0.020
,,0.019
,,0.019
,,0.018
,,0.018
,,0.019
,,0.019
,,0.019
,,0.018
,,0.018
,,0.018
,,0.018
,,0.018
,,0.018
,,0.019
,,0.019
,,0.019
,,0.017
,,0.018
,,0.018
,,0.017
,,0.017
,,0.019
,,0.018
,,0.018
,,0.018
,,0.019
,,0.017
,,0.017
,,0.018
,,0.016
,,0.018
,,0.016
,,0.018
,,0.016
,,0.017
,,0.018
,,0.018
,,0.017
,,0.016
,,0.018
,,0.016
,,0.016
,,0.017
,,0.016
,,0.015
,,0.016
,,0.015
,,0.017
,,0.016
,,0.017
,,0.015
,,0.014
,,0.015
,,0.015
,,0.016
,,0.016
,,0.016
,,0.015
,,0.015
,,0.016
,,0.016
,,0.016
,,0.014
,,0.014
,,0.014
,,0.015
,,0.015
,,0.015
,,0.015
,,0.015
,,0.014
,,0.013
,,0.014
,,0.017
,,0.014
,,0.015
,,0.015
,,0.015
,,0.015
,,0.016
,,0.014
,,0.015
,,0.014
,,0.014
,,0.013
,,0.015
,,0.016
,,0.015
,,0.016
,,0.016
,,0.015
,,0.017
,,0.017
,,0.020
,,0.020
,,0.020
,,0.023
,,0.024
,,0.029
,,0.036
,,0.053
,,0.080
,,0.124
,,0.186
,,0.274
,,0.357
,,0.434
,,0.516
,,0.592
,,0.664
,,0.720
,,0.757
,,0.807
,,0.871
,,0.932
,,0.963
,,0.980
,,1.003
,,1.031
,,1.063
,,1.087
,,1.090
,,1.095
,,1.096
,,1.097
,,1.098
,,1.099
,,1.101
,,1.102
,,1.100
,,1.103
,,1.103
,,1.102
,,1.102
,,1.105
,,1.104
,,1.104
,,1.105
,,1.105
,,1.105
,,1.104
,,1.105
,,1.104
,,1.106
,,1.106
,,1.106
,,1.106
,,1.108
,,1.105
,,1.105
,,1.105
,,1.100
,,1.099
,,1.097
,,1.096
,,1.088
,,1.077
,,1.063
,,1.052
,,1.040
,,1.026
,,1.011
,,0.997
,,0.981
,,0.964
,,0.950
,,0.929
,,0.906
,,0.883
,,0.861
,,0.836
,,0.811
,,0.781
,,0.746
,,0.704
,,0.655
,,0.597
,,0.530
,,0.474
,,0.422
,,0.366
,,0.306
,,0.237
,,0.178
,,0.137
,,0.105
,,0.075
,,0.048
,,0.040
,,0.033
,,0.024
,,0.026
,,0.022
,,0.023
,,0.021
,,0.022
,,0.023
,,0.021
,,0.020
,,0.018
,,0.019
,,0.019
,,0.019
,,0.018
,,0.019
,,0.019
,,0.020
,,0.017
,,0.020
,,0.017
,,0.018
,,0.020
,,0.017
,,0.017
,,0.018
,,0.017
,,0.017
,,0.017
,,0.017
,,0.017
,,0.020
,,0.017
,,0.019
,,0.017
,,0.018
,,0.018
,,0.015
,,0.016
,,0.017
,,0.015
,,0.018
,,0.016
,,0.015
,,0.017
,,0.017
,,0.017
,,0.017
,,0.017
,,0.017
,,0.017
,,0.017
,,0.016
,,0.017
,,0.016
,,0.017
,,0.016
,,0.018
,,0.017
,,0.015
,,0.014
,,0.015
,,0.013
,,0.018
,,0.018
,,0.016
,,0.016
,,0.017
,,0.016
,,0.015
,,0.016
,,0.017
,,0.015
,,0.015
,,0.015
,,0.015
,,0.014
,,0.016
,,0.015
,,0.016
,,0.016
,,0.016
,,0.016
,,0.015
,,0.016
,,0.015
,,0.015
,,0.015
,,0.014
,,0.015
,,0.016
,,0.015
,,0.015
,,0.015
,,0.015
,,0.014
,,0.015
,,0.015
,,0.014
,,0.016
,,0.017
,,0.017
,,0.019
,,0.019
,,0.019
,,0.022
,,0.021
,,0.024
,,0.027
,,0.029
,,0.036
,,0.051
,,0.081
,,0.122
,,0.183
,,0.269
,,0.352
,,0.432
,,0.514
,,0.591
,,0.659
,,0.719
,,0.758
,,0.803
,,0.867
,,0.931
,,0.964
,,0.980
,,1.004
,,1.033
,,1.062
,,1.086
,,1.089
,,1.094
,,1.095
,,1.095
,,1.097
,,1.097
,,1.098
,,1.101
,,1.100
,,1.100
,,1.102
,,1.101
,,1.101
,,1.101
,,1.101
,,1.102
,,1.101
,,1.103
,,1.103
,,1.104
,,1.103
,,1.103
,,1.103
,,1.102
,,1.103
,,1.105
,,1.102
,,1.103
,,1.103
,,1.100
,,1.097
,,1.096
,,1.093
,,1.091
,,1.084
,,1.073
,,1.057
,,1.047
,,1.035
,,1.021
,,1.006
,,0.992
,,0.977
,,0.961
,,0.946
,,0.929
,,0.903
,,0.879
,,0.859
,,0.832
,,0.806
,,0.777
,,0.742
,,0.702
,,0.649
,,0.593
,,0.530
,,0.472
,,0.420
,,0.366
,,0.303
,,0.232
,,0.172
,,0.134
,,0.106
,,0.074
,,0.047
,,0.038
,,0.030
,,0.024
,,0.023
,,0.023
,,0.022
,,0.022
,,0.021
,,0.021
,,0.020
,,0.020
,,0.022
,,0.020
,,0.019
,,0.019
,,0.021
,,0.020
,,0.019
,,0.020
,,0.019
,,0.020
,,0.018
,,0.019
,,0.018
,,0.018
,,0.017
,,0.018
,,0.017
,,0.017
,,0.017
,,0.018
,,0.017
,,0.016
,,0.018
,,0.016
,,0.018
,,0.017
,,0.018
,,0.018
,,0.016
,,0.017
,,0.018
,,0.017
,,0.017
,,0.015
,,0.017
,,0.016
,,0.018
,,0.018
,,0.015
,,0.015
,,0.016
,,0.016
,,0.017
,,0.015
,,0.016
,,0.014
,,0.015
,,0.015
,,0.017
,,0.017
,,0.017
,,0.016
,,0.016
,,0.015
,,0.015
,,0.015
,,0.014
,,0.014
,,0.016
,,0.017
,,0.015
,,0.015
,,0.015
,,0.016
,,0.015
,,0.014
,,0.015
,,0.014
,,0.014
,,0.016
,,0.014
,,0.016
,,0.014
,,0.014
,,0.016
,,0.015
,,0.015
,,0.013
,,0.014
,,0.013
,,0.013
,,0.013
,,0.013
,,0.013
,,0.013
,,0.013
,,0.013
,,0.014
,,0.014
,,0.015
,,0.016
,,0.016
,,0.016
,,0.017
,,0.019
,,0.021
,,0.021
,,0.023
,,0.025
,,0.028
,,0.035
,,0.050
,,0.078
,,0.120
,,0.181
,,0.267
,,0.351
,,0.429
,,0.510
,,0.587
,,0.658
,,0.716
,,0.757
,,0.801
,,0.864
,,0.929
,,0.965
,,0.981
,,1.002
,,1.032
,,1.060
,,1.086
,,1.091
,,1.091
,,1.094
,,1.096
,,1.096
,,1.099
,,1.098
,,1.099
,,1.102
,,1.100
,,1.101
,,1.100
,,1.102
,,1.102
,,1.103
,,1.104
,,1.102
,,1.105
,,1.103
,,1.106
,,1.105
,,1.104
,,1.105
,,1.106
,,1.105
,,1.105
,,1.104
,,1.105
,,1.105
,,1.103
,,1.102
,,1.098
,,1.096
,,1.092
,,1.088
,,1.076
,,1.061
,,1.052
,,1.038
,,1.024
,,1.009
,,0.997
,,0.981
,,0.966
,,0.947
,,0.931
,,0.905
,,0.882
,,0.860
,,0.834
,,0.809
,,0.781
,,0.744
,,0.702
,,0.651
,,0.592
,,0.528
,,0.471
,,0.417
,,0.362
,,0.299
,,0.230
,,0.173
,,0.135
,,0.105
,,0.075
,,0.045
,,0.039
,,0.030
,,0.025
,,0.022
,,0.022
,,0.020
,,0.022
,,0.021
,,0.022
,,0.018
,,0.020
,,0.018
,,0.020
,,0.019
,,0.019
,,0.017
,,0.017
,,0.019
,,0.018
,,0.017
,,0.017
,,0.018
,,0.017
,,0.019
,,0.015
,,0.017
,,0.018
,,0.018
,,0.015
,,0.018
,,0.018
,,0.017
,,0.018
,,0.018
,,0.017
,,0.016
,,0.018
,,0.016
,,0.017
,,0.018
,,0.017
,,0.015
,,0.017
,,0.018
,,0.017
,,0.016
,,0.018
,,0.016
,,0.016
,,0.017
,,0.018
,,0.017
,,0.017
,,0.019
,,0.017
,,0.017
,,0.017
,,0.017
,,0.018
,,0.016
,,0.016
,,0.016
,,0.016
,,0.016
,,0.014
,,0.017
,,0.015
,,0.013
,,0.017
,,0.015
,,0.015
,,0.017
,,0.015
,,0.018
,,0.016
,,0.016
,,0.017
,,0.015
,,0.016
,,0.017
,,0.015
,,0.016
,,0.019
,,0.016
,,0.016
,,0.017
,,0.016
,,0.018
,,0.017
,,0.015
,,0.016
,,0.014
,,0.016
,,0.016
,,0.015
,,0.016
,,0.017
,,0.016
,,0.015
,,0.016
,,0.016
,,0.017
,,0.016
,,0.018
,,0.021
,,0.019
,,0.020
,,0.022
,,0.025
,,0.025
,,0.031
,,0.035
,,0.049
,,0.079
,,0.118
,,0.177
,,0.263
,,0.346
,,0.427
,,0.509
,,0.584
,,0.656
,,0.717
,,0.757
,,0.799
,,0.863
,,0.928
,,0.963
,,0.980
,,1.002
,,1.029
,,1.061
,,1.084
,,1.088
,,1.091
,,1.093
,,1.095
,,1.095
,,1.097
,,1.097
,,1.099
,,1.099
,,1.100
,,1.099
,,1.101
,,1.102
,,1.101
,,1.103
,,1.101
,,1.102
,,1.101
,,1.103
,,1.103
,,1.102
,,1.104
,,1.104
,,1.105
,,1.105
,,1.106
,,1.106
,,1.102
,,1.102
,,1.101
,,1.100
,,1.098
,,1.095
,,1.090
,,1.085
,,1.072
,,1.059
,,1.048
,,1.037
,,1.022
,,1.004
,,0.991
,,0.977
,,0.961
,,0.946
,,0.927
,,0.901
,,0.876
,,0.857
,,0.830
,,0.802
,,0.772
,,0.736
,,0.692
,,0.642
,,0.585
,,0.521
,,0.465
,,0.411
,,0.357
,,0.294
,,0.224
,,0.166
,,0.132
,,0.102
,,0.074
,,0.046
,,0.037
,,0.031
,,0.025
,,0.024
,,0.025
,,0.022
,,0.023
,,0.023
,,0.022
,,0.021
,,0.022
,,0.020
,,0.021
,,0.020
,,0.019
,,0.019
,,0.020
,,0.021
,,0.020
,,0.020
,,0.019
,,0.020
,,0.019
,,0.018
,,0.018
,,0.020
,,0.019
,,0.018
,,0.020
,,0.020
,,0.017
,,0.017
,,0.018
,,0.019
,,0.017
,,0.018
,,0.017
,,0.019
,,0.019
,,0.018
,,0.016
,,0.018
,,0.017
,,0.017
,,0.019
,,0.017
,,0.019
,,0.019
,,0.018
,,0.018
,,0.016
,,0.017
,,0.018
,,0.017
,,0.016
,,0.018
,,0.016
,,0.017
,,0.017
,,0.017
,,0.017
,,0.017
,,0.017
,,0.016
,,0.017
,,0.017
,,0.017
,,0.016
,,0.016
,,0.016
,,0.018
,,0.015
,,0.016
,,0.016
,,0.016
,,0.016
,,0.015
,,0.016
,,0.014
,,0.017
,,0.015
,,0.014
,,0.015
,,0.016
,,0.015
,,0.015
,,0.015
,,0.016
,,0.015
,,0.017
,,0.016
,,0.016
,,0.015
,,0.015
,,0.018
,,0.016
,,0.014
,,0.016
,,0.014
,,0.017
,,0.017
,,0.016
,,0.018
,,0.017
,,0.019
,,0.021
,,0.022
,,0.023
,,0.024
,,0.028
,,0.032
,,0.037
,,0.049
,,0.075
,,0.116
,,0.175
,,0.260
,,0.344
,,0.426
,,0.506
,,0.584
,,0.656
,,0.717
,,0.754
,,0.798
,,0.860
,,0.926
,,0.961
,,0.978
,,0.998
,,1.028
,,1.059
,,1.086
,,1.091
,,1.093
,,1.094
,,1.095
,,1.095
,,1.098
,,1.098
,,1.098
,,1.098
,,1.099
,,1.100
,,1.101
,,1.099
,,1.101
,,1.102
,,1.100
,,1.102
,,1.104
,,1.103
,,1.102
,,1.102
,,1.102
,,1.103
,,1.105
,,1.101
,,1.104
,,1.104
,,1.102
,,1.100
,,1.100
,,1.099
,,1.097
,,1.093
,,1.088
,,1.084
,,1.072
,,1.058
,,1.048
,,1.034
,,1.016
,,1.003
,,0.989
,,0.974
,,0.957
,,0.942
,,0.921
,,0.894
,,0.874
,,0.853
,,0.828
,,0.802
,,0.775
,,0.736
,,0.694
,,0.644
,,0.583
,,0.520
,,0.465
,,0.410
,,0.357
,,0.293
,,0.223
,,0.166
,,0.133
,,0.103
,,0.071
,,0.045
,,0.037
,,0.030
,,0.026
,,0.024
,,0.022
,,0.022
,,0.022
,,0.023
,,0.019
,,0.020
,,0.020
,,0.021
,,0.019
,,0.021
,,0.019
,,0.018
,,0.019
,,0.019
,,0.018
,,0.020
,,0.018
,,0.019
,,0.019
,,0.018
,,0.019
,,0.018
,,0.019
,,0.019
,,0.018
,,0.018
,,0.017
,,0.020
,,0.018
,,0.018
,,0.017
,,0.018
,,0.017
,,0.017
,,0.017
,,0.018
,,0.017
,,0.018
,,0.018
,,0.018
,,0.016
,,0.018
,,0.017
,,0.017
,,0.017
,,0.017
,,0.017
,,0.018
,,0.017
,,0.017
,,0.015
,,0.015
,,0.016
,,0.018
,,0.017
,,0.018
,,0.015
,,0.016
,,0.016
,,0.015
,,0.017
,,0.017
,,0.016
,,0.017
,,0.015
,,0.016
,,0.018
,,0.016
,,0.016
,,0.016
,,0.018
,,0.015
,,0.015
,,0.017
,,0.015
,,0.016
,,0.016
,,0.017
,,0.017
,,0.017
,,0.015
,,0.017
,,0.016
,,0.016
,,0.017
,,0.016
,,0.014
,,0.016
,,0.015
,,0.016
,,0.017
,,0.016
,,0.014
,,0.015
,,0.016
,,0.016
,,0.018
,,0.018
,,0.017
,,0.017
,,0.018
,,0.018
,,0.022
,,0.022
,,0.024
,,0.024
,,0.029
,,0.034
,,0.048
,,0.074
,,0.114
,,0.171
,,0.256
,,0.340
,,0.422
,,0.502
,,0.581
,,0.651
,,0.711
,,0.752
,,0.795
,,0.859
,,0.928
,,0.966
,,0.983
,,1.002
,,1.027
,,1.057
,,1.081
,,1.086
,,1.090
,,1.092
,,1.093
,,1.096
,,1.097
,,1.095
,,1.097
,,1.099
,,1.098
,,1.099
,,1.098
,,1.098
,,1.100
,,1.101
,,1.101
,,1.103
,,1.102
,,1.102
,,1.103
,,1.102
,,1.104
,,1.105
,,1.103
,,1.103
,,1.104
,,1.103
,,1.102
,,1.102
,,1.100
,,1.098
,,1.095
,,1.095
,,1.092
,,1.087
,,1.071
,,1.060
,,1.047
,,1.034
,,1.020
,,1.007
,,0.994
,,0.977
,,0.961
,,0.947
,,0.925
,,0.901
,,0.879
,,0.859
,,0.832
,,0.807
,,0.776
,,0.740
,,0.696
,,0.643
,,0.585
,,0.521
,,0.466
,,0.412
,,0.357
,,0.293
,,0.223
,,0.168
,,0.132
,,0.101
,,0.074
,,0.044
,,0.037
,,0.031
,,0.026
,,0.025
,,0.021
,,0.022
,,0.022
,,0.023
,,0.020
,,0.021
,,0.019
,,0.019
,,0.019
,,0.020
,,0.020
,,0.019
,,0.019
,,0.020
,,0.019
,,0.020
,,0.018
,,0.019
,,0.019
,,0.019
,,0.018
,,0.018
,,0.019
,,0.017
,,0.018
,,0.018
,,0.018
,,0.019
,,0.018
,,0.019
,,0.019
,,0.020
,,0.020
,,0.019
,,0.017
,,0.017
,,0.018
,,0.019
,,0.018
,,0.017
,,0.019
,,0.017
,,0.017
,,0.017
,,0.018
,,0.017
,,0.017
,,0.017
,,0.019
,,0.018
,,0.017
,,0.017
,,0.016
,,0.018
,,0.019
,,0.018
,,0.017
,,0.017
,,0.017
,,0.016
,,0.017
,,0.017
,,0.018
,,0.017
,,0.016
,,0.016
,,0.017
,,0.017
,,0.015
,,0.018
,,0.016
,,0.015
,,0.016
,,0.017
,,0.015
,,0.018
,,0.015
,,0.017
,,0.016
,,0.014
,,0.016
,,0.016
,,0.017
,,0.017
,,0.017
,,0.017
,,0.016
,,0.015
,,0.015
,,0.017
,,0.015
,,0.015
,,0.014
,,0.015
,,0.015
,,0.017
,,0.016
,,0.017
,,0.018
,,0.017
,,0.019
,,0.019
,,0.020
,,0.023
,,0.023
,,0.027
,,0.028
,,0.034
,,0.049
,,0.074
,,0.113
,,0.167
,,0.254
,,0.340
,,0.420
,,0.498
,,0.578
,,0.657
,,0.718
,,0.754
,,0.795
,,0.856
,,0.925
,,0.964
,,0.981
,,1.001
,,1.027
,,1.055
,,1.079
,,1.087
,,1.091
,,1.090
,,1.093
,,1.093
,,1.098
,,1.096
,,1.097
,,1.097
,,1.099
,,1.099
,,1.099
,,1.099
,,1.101
,,1.100
,,1.100
,,1.100
,,1.101
,,1.101
,,1.103
,,1.102
,,1.102
,,1.102
,,1.103
,,1.101
,,1.102
,,1.103
,,1.102
,,1.100
,,1.100
,,1.097
,,1.096
,,1.093
,,1.088
,,1.083
,,1.071
,,1.057
,,1.045
,,1.033
,,1.016
,,1.004
,,0.990
,,0.975
,,0.961
,,0.946
,,0.921
,,0.898
,,0.876
,,0.855
,,0.828
,,0.803
,,0.772
,,0.735
,,0.693
,,0.646
,,0.586
,,0.519
,,0.464
,,0.407
,,0.350
,,0.290
,,0.221
,,0.162
,,0.127
,,0.100
,,0.070
,,0.042
,,0.035
,,0.031
,,0.024
,,0.025
,,0.023
,,0.022
,,0.021
,,0.021
,,0.019
,,0.020
,,0.018
,,0.019
,,0.021
,,0.018
,,0.020
,,0.019
,,0.019
,,0.019
,,0.020
,,0.017
,,0.020
,,0.019
,,0.018
,,0.018
,,0.017
,,0.019
,,0.019
,,0.017
,,0.017
,,0.020
,,0.018
,,0.019
,,0.016
,,0.019
,,0.018
,,0.019
,,0.019
,,0.019
,,0.016
,,0.017
,,0.018
,,0.018
,,0.019
,,0.019
,,0.018
,,0.018
,,0.017
,,0.018
,,0.016
,,0.016
,,0.017
,,0.018
,,0.018
,,0.016
,,0.017
,,0.019
,,0.019
,,0.016
,,0.016
,,0.018
,,0.018
,,0.019
,,0.017
,,0.017
,,0.016
,,0.018
,,0.016
,,0.017
,,0.018
,,0.017
,,0.017
,,0.016
,,0.018
,,0.018
,,0.016
,,0.015
,,0.017
,,0.016
,,0.015
,,0.016
,,0.014
,,0.015
,,0.015
,,0.016
,,0.015
,,0.015
,,0.016
,,0.014
,,0.016
,,0.016
,,0.014
,,0.015
,,0.015
,,0.017
,,0.013
,,0.016
,,0.015
,,0.014
,,0.015
,,0.015
,,0.017
,,0.018
,,0.017
,,0.018
,,0.019
,,0.020
,,0.021
,,0.022
,,0.023
,,0.025
,,0.028
,,0.035
,,0.046
,,0.070
,,0.109
,,0.166
,,0.250
,,0.337
,,0.419
,,0.496
,,0.575
,,0.654
,,0.720
,,0.759
,,0.798
,,0.854
,,0.924
,,0.964
,,0.980
,,1.003
,,1.030
,,1.056
,,1.080
,,1.088
,,1.089
,,1.092
,,1.094
,,1.095
,,1.096
,,1.096
,,1.096
,,1.099
,,1.099
,,1.099
,,1.099
,,1.101
,,1.100
,,1.100
,,1.101
,,1.100
,,1.102
,,1.101
,,1.102
,,1.102
,,1.102
,,1.101
,,1.103
,,1.101
,,1.102
,,1.101
,,1.102
,,1.099
,,1.098
,,1.097
,,1.093
,,1.092
,,1.086
,,1.080
,,1.067
,,1.056
,,1.042
,,1.030
,,1.015
,,1.002
,,0.985
,,0.973
,,0.959
,,0.943
,,0.919
,,0.894
,,0.869
,,0.848
,,0.822
,,0.798
,,0.764
,,0.728
,,0.687
,,0.637
,,0.578
,,0.511
,,0.456
,,0.399
,,0.347
,,0.284
,,0.214
,,0.157
,,0.124
,,0.097
,,0.069
,,0.042
,,0.034
,,0.025
,,0.022
,,0.021
,,0.020
,,0.020
,,0.021
,,0.021
,,0.019
,,0.020
,,0.019
,,0.018
,,0.017
,,0.017
,,0.017
,,0.017
,,0.017
,,0.016
,,0.017
,,0.016
,,0.018
,,0.018
,,0.016
,,0.016
,,0.017
,,0.017
,,0.016
,,0.015
,,0.016
,,0.016
,,0.016
,,0.016
,,0.016
,,0.018
,,0.014
,,0.016
,,0.014
,,0.016
,,0.016
,,0.015
,,0.015
,,0.015
,,0.017
,,0.016
,,0.015
,,0.016
,,0.015
,,0.015
,,0.017
,,0.015
,,0.015
,,0.016
,,0.017
,,0.015
,,0.015
,,0.015
,,0.016
,,0.017
,,0.015
,,0.018
,,0.016
,,0.015
,,0.016
,,0.018
,,0.016
,,0.015
,,0.015
,,0.016
,,0.014
,,0.015
,,0.015
,,0.015
,,0.014
,,0.015
,,0.017
,,0.014
,,0.014
,,0.015
,,0.015
,,0.016
,,0.015
,,0.015
,,0.014
,,0.014
,,0.014
,,0.015
,,0.014
,,0.016
,,0.015
,,0.016
,,0.016
,,0.015
,,0.015
,,0.016
,,0.013
,,0.014
,,0.014
,,0.013
,,0.014
,,0.014
,,0.013
,,0.015
,,0.016
,,0.016
,,0.016
,,0.018
,,0.018
,,0.020
,,0.022
,,0.025
,,0.027
,,0.033
,,0.046
,,0.069
,,0.107
,,0.163
,,0.247
,,0.335
,,0.414
,,0.492
,,0.570
,,0.652
,,0.723
,,0.760
,,0.799
,,0.855
,,0.921
,,0.965
,,0.983
,,1.006
,,1.028
,,1.056
,,1.083
,,1.090
,,1.092
,,1.094
,,1.095
,,1.096
,,1.098
,,1.097
,,1.099
,,1.097
,,1.099
,,1.098
,,1.100
,,1.100
,,1.100
,,1.101
,,1.099
,,1.101
,,1.099
,,1.101
,,1.102
,,1.102
,,1.104
,,1.103
,,1.102
,,1.104
,,1.103
,,1.104
,,1.100
,,1.099
,,1.099
,,1.097
,,1.094
,,1.090
,,1.086
,,1.082
,,1.068
,,1.056
,,1.044
,,1.031
,,1.015
,,1.003
,,0.988
,,0.975
,,0.961
,,0.944
,,0.922
,,0.894
,,0.871
,,0.848
,,0.821
,,0.795
,,0.762
,,0.724
,,0.686
,,0.635
,,0.577
,,0.509
,,0.455
,,0.400
,,0.346
,,0.283
,,0.214
,,0.159
,,0.124
,,0.097
,,0.066
,,0.042
,,0.036
,,0.026
,,0.020
,,0.020
,,0.020
,,0.019
,,0.018
,,0.020
,,0.018
,,0.018
,,0.017
,,0.016
,,0.017
,,0.017
,,0.015
,,0.019
,,0.016
,,0.018
,,0.015
,,0.018
,,0.015
,,0.016
,,0.014
,,0.014
,,0.017
,,0.014
,,0.014
,,0.014
,,0.014
,,0.014
,,0.017
,,0.015
,,0.013
,,0.016
,,0.016
,,0.016
,,0.017
,,0.017
,,0.014
,,0.015
,,0.016
,,0.014
,,0.015
,,0.015
,,0.016
,,0.014
,,0.013
,,0.016
,,0.014
,,0.014
,,0.015
,,0.015
,,0.016
,,0.014
,,0.015
,,0.014
,,0.015
,,0.016
,,0.017
,,0.012
,,0.013
,,0.012
,,0.013
,,0.012
,,0.012
,,0.011
,,0.014
,,0.012
,,0.013
,,0.013
,,0.012
,,0.012
,,0.012
,,0.013
,,0.013
,,0.013
,,0.013
,,0.011
,,0.014
,,0.015
,,0.012
,,0.011
,,0.013
,,0.013
,,0.012
,,0.013
,,0.012
,,0.013
,,0.013
,,0.012
,,0.013
,,0.013
,,0.012
,,0.012
,,0.013
,,0.013
,,0.013
,,0.014
,,0.012
,,0.013
,,0.012
,,0.014
,,0.015
,,0.013
,,0.016
,,0.015
,,0.018
,,0.019
,,0.020
,,0.024
,,0.026
,,0.029
,,0.043
,,0.067
,,0.103
,,0.159
,,0.241
,,0.332
,,0.410
,,0.488
,,0.567
,,0.649
,,0.720
,,0.757
,,0.798
,,0.850
,,0.920
,,0.961
,,0.981
,,1.002
,,1.028
,,1.055
,,1.078
,,1.086
,,1.088
,,1.090
,,1.092
,,1.093
,,1.094
,,1.094
,,1.096
,,1.097
,,1.097
,,1.097
,,1.097
,,1.100
,,1.098
,,1.100
,,1.101
,,1.102
,,1.100
,,1.102
,,1.101
,,1.100
,,1.101
,,1.102
,,1.104
,,1.103
,,1.102
,,1.102
,,1.101
,,1.100
,,1.100
,,1.097
,,1.095
,,1.092
,,1.090
,,1.083
,,1.071
,,1.058
,,1.047
,,1.033
,,1.021
,,1.005
,,0.992
,,0.979
,,0.962
,,0.945
,,0.923
,,0.894
,,0.868
,,0.848
,,0.818
,,0.791
,,0.760
,,0.722
,,0.678
,,0.627
,,0.571
,,0.502
,,0.447
,,0.396
,,0.339
,,0.276
,,0.206
,,0.154
,,0.119
,,0.093
,,0.061
,,0.039
,,0.031
,,0.028
,,0.019
,,0.020
,,0.020
,,0.019
,,0.018
,,0.017
,,0.017
,,0.015
,,0.015
,,0.016
,,0.015
,,0.014
,,0.015
,,0.014
,,0.015
,,0.014
,,0.016
,,0.014
,,0.015
,,0.013
,,0.014
,,0.014
,,0.014
,,0.014
,,0.013
,,0.013
,,0.013
,,0.013
,,0.014
,,0.015
,,0.015
,,0.014
,,0.015
,,0.012
,,0.012
,,0.013
,,0.011
,,0.015
,,0.015
,,0.014
,,0.012
,,0.013
,,0.014
,,0.013
,,0.013
,,0.012
,,0.014
,,0.012
,,0.012
,,0.011
,,0.011
,,0.011
,,0.012
,,0.014
,,0.013
,,0.013
,,0.011
,,0.011
,,0.012
,,0.011
,,0.012
,,0.011
,,0.012
,,0.013
,,0.012
,,0.012
,,0.014
,,0.012
,,0.012
,,0.011
,,0.011
,,0.012
,,0.013
,,0.012
,,0.013
,,0.012
,,0.012
,,0.011
,,0.012
,,0.014
,,0.011
,,0.012
,,0.013
,,0.009
,,0.011
,,0.012
,,0.012
,,0.012
,,0.010
,,0.011
,,0.010
,,0.011
,,0.010
,,0.010
,,0.010
,,0.010
,,0.012
,,0.013
,,0.012
,,0.011
,,0.012
,,0.013
,,0.013
,,0.015
,,0.015
,,0.016
,,0.020
,,0.023
,,0.022
,,0.030
,,0.040
,,0.064
,,0.101
,,0.154
,,0.237
,,0.328
,,0.409
,,0.484
,,0.561
,,0.644
,,0.717
,,0.757
,,0.795
,,0.849
,,0.918
,,0.961
,,0.979
,,0.998
,,1.026
,,1.052
,,1.076
,,1.082
,,1.086
,,1.090
,,1.089
,,1.091
,,1.090
,,1.093
,,1.094
,,1.096
,,1.093
,,1.095
,,1.095
,,1.096
,,1.096
,,1.096
,,1.096
,,1.096
,,1.097
,,1.096
,,1.098
,,1.097
,,1.098
,,1.097
,,1.100
,,1.099
,,1.097
,,1.099
,,1.097
,,1.096
,,1.096
,,1.094
,,1.092
,,1.088
,,1.082
,,1.077
,,1.063
,,1.049
,,1.039
,,1.023
,,1.007
,,0.996
,,0.981
,,0.968
,,0.954
,,0.937
,,0.916
,,0.888
,,0.866
,,0.844
,,0.816
,,0.790
,,0.755
,,0.718
,,0.674
,,0.622
,,0.562
,,0.494
,,0.443
,,0.387
,,0.334
,,0.269
,,0.202
,,0.148
,,0.117
,,0.088
,,0.061
,,0.037
,,0.032
,,0.023
,,0.019
,,0.018
,,0.018
,,0.019
,,0.017
,,0.016
,,0.016
,,0.016
,,0.017
,,0.014
,,0.015
,,0.012
,,0.014
,,0.013
,,0.013
,,0.014
,,0.013
,,0.014
,,0.014
,,0.013
,,0.015
,,0.014
,,0.014
,,0.013
,,0.014
,,0.015
,,0.015
,,0.016
,,0.015
,,0.015
,,0.015
,,0.015
,,0.014
,,0.013
,,0.013
,,0.014
,,0.015
,,0.016
,,0.013
,,0.016
,,0.014
,,0.015
,,0.015
,,0.015
,,0.013
,,0.015
,,0.014
,,0.014
,,0.014
,,0.014
,,0.013
,,0.013
,,0.013
,,0.013
,,0.011
,,0.011
,,0.013
,,0.012
,,0.011
,,0.011
,,0.012
,,0.012
,,0.012
,,0.011
,,0.013
,,0.011
,,0.011
,,0.010
,,0.011
,,0.012
,,0.011
,,0.011
,,0.011
,,0.010
,,0.011
,,0.012
,,0.011
,,0.012
,,0.012
,,0.011
,,0.011
,,0.011
,,0.010
,,0.009
,,0.010
,,0.011
,,0.012
,,0.011
,,0.011
,,0.011
,,0.010
,,0.011
,,0.010
,,0.010
,,0.011
,,0.010
,,0.010
,,0.010
,,0.010
,,0.010
,,0.011
,,0.011
,,0.011
,,0.012
,,0.015
,,0.013
,,0.018
,,0.018
,,0.021
,,0.028
,,0.037
,,0.061
,,0.096
,,0.150
,,0.233
,,0.323
,,0.403
,,0.481
,,0.559
,,0.641
,,0.715
,,0.752
,,0.791
,,0.845
,,0.913
,,0.959
,,0.976
,,0.995
,,1.023
,,1.047
,,1.070
,,1.078
,,1.082
,,1.087
,,1.085
,,1.089
,,1.088
,,1.091
,,1.090
,,1.092
,,1.092
,,1.092
,,1.093
,,1.094
,,1.094
,,1.093
,,1.094
,,1.095
,,1.094
,,1.096
,,1.096
,,1.095
,,1.098
,,1.096
,,1.099
,,1.097
,,1.098
,,1.099
,,1.096
,,1.096
,,1.094
,,1.092
,,1.088
,,1.086
,,1.082
,,1.075
,,1.065
,,1.048
,,1.039
,,1.025
,,1.008
,,0.994
,,0.983
,,0.969
,,0.956
,,0.938
,,0.915
,,0.890
,,0.866
,,0.841
,,0.813
,,0.789
,,0.755
,,0.717
,,0.676
,,0.626
,,0.565
,,0.498
,,0.447
,,0.389
,,0.337
,,0.270
,,0.203
,,0.152
,,0.119
,,0.090
,,0.061
,,0.037
,,0.031
,,0.022
,,0.019
,,0.019
,,0.017
,,0.014
,,0.015
,,0.012
,,0.013
,,0.012
,,0.012
,,0.011
,,0.012
,,0.014
,,0.014
,,0.013
,,0.012
,,0.013
,,0.014
,,0.013
,,0.015
,,0.014
,,0.014
,,0.014
,,0.015
,,0.012
,,0.012
,,0.014
,,0.010
,,0.013
,,0.012
,,0.014
,,0.013
,,0.011
,,0.011
,,0.012
,,0.011
,,0.012
,,0.012
,,0.010
,,0.012
,,0.012
,,0.011
,,0.012
,,0.011
,,0.011
,,0.011
,,0.011
,,0.010
,,0.010
,,0.011
,,0.011
,,0.011
,,0.013
,,0.011
,,0.011
,,0.011
,,0.010
,,0.012
,,0.012
,,0.011
,,0.011
,,0.011
,,0.011
,,0.010
,,0.011
,,0.010
,,0.010
,,0.010
,,0.010
,,0.010
,,0.011
,,0.011
,,0.011
,,0.011
,,0.012
,,0.010
,,0.011
,,0.010
,,0.010
,,0.011
,,0.011
,,0.010
,,0.008
,,0.012
,,0.009
,,0.009
,,0.012
,,0.012
,,0.010
,,0.011
,,0.011
,,0.011
,,0.010
,,0.010
,,0.010
,,0.010
,,0.012
,,0.011
,,0.011
,,0.009
,,0.012
,,0.012
,,0.013
,,0.013
,,0.013
,,0.015
,,0.016
,,0.019
,,0.022
,,0.025
,,0.031
,,0.040
,,0.064
,,0.098
,,0.152
,,0.230
,,0.319
,,0.404
,,0.483
,,0.570
,,0.652
,,0.712
,,0.750
,,0.787
,,0.843
,,0.915
,,0.956
,,0.972
,,0.993
,,1.019
,,1.047
,,1.070
,,1.076
,,1.081
,,1.083
,,1.084
,,1.084
,,1.086
,,1.089
,,1.088
,,1.089
,,1.090
,,1.089
,,1.091
,,1.091
,,1.091
,,1.092
,,1.092
,,1.093
,,1.089
,,1.092
,,1.094
,,1.093
,,1.092
,,1.091
,,1.092
,,1.093
,,1.091
,,1.093
,,1.091
,,1.091
,,1.088
,,1.089
,,1.085
,,1.082
,,1.076
,,1.070
,,1.057
,,1.042
,,1.030
,,1.017
,,1.002
,,0.989
,,0.977
,,0.964
,,0.949
,,0.932
,,0.912
,,0.882
,,0.862
,,0.839
,,0.811
,,0.782
,,0.749
,,0.712
,,0.670
,,0.617
,,0.557
,,0.491
,,0.439
,,0.382
,,0.331
,,0.263
,,0.198
,,0.147
,,0.114
,,0.089
,,0.059
,,0.034
,,0.028
,,0.021
,,0.017
,,0.017
,,0.016
,,0.017
,,0.015
,,0.014
,,0.015
,,0.014
,,0.014
,,0.013
,,0.013
,,0.012
,,0.012
,,0.013
,,0.013
,,0.012
,,0.013
,,0.013
,,0.012
,,0.013
,,0.011
,,0.011
,,0.011
,,0.012
,,0.013
,,0.013
,,0.010
,,0.010
,,0.011
,,0.011
,,0.012
,,0.010
,,0.010
,,0.010
,,0.010
,,0.010
,,0.011
,,0.010
,,0.010
,,0.009
,,0.009
,,0.009
,,0.010
,,0.010
,,0.011
,,0.010
,,0.011
,,0.011
,,0.010
,,0.010
,,0.011
,,0.011
,,0.010
,,0.010
,,0.009
,,0.009
,,0.010
,,0.011
,,0.009
,,0.011
,,0.010
,,0.010
,,0.011
,,0.010
,,0.009
,,0.009
,,0.009
,,0.009
,,0.010
,,0.010
,,0.010
,,0.009
,,0.007
,,0.009
,,0.010
,,0.010
,,0.009
,,0.010
,,0.009
,,0.010
,,0.010
,,0.009
,,0.007
,,0.009
,,0.007
,,0.009
,,0.009
,,0.010
,,0.008
,,0.009
,,0.009
,,0.009
,,0.010
,,0.008
,,0.010
,,0.008
,,0.008
,,0.009
,,0.010
,,0.010
,,0.009
,,0.010
,,0.012
,,0.012
,,0.013
,,0.013
,,0.018
,,0.018
,,0.021
,,0.027
,,0.036
,,0.057
,,0.093
,,0.143
,,0.223
,,0.315
,,0.396
,,0.473
,,0.552
,,0.630
,,0.707
,,0.748
,,0.783
,,0.833
,,0.906
,,0.955
,,0.973
,,0.995
,,1.018
,,1.045
,,1.068
,,1.076
,,1.081
,,1.082
,,1.083
,,1.084
,,1.084
,,1.086
,,1.086
,,1.087
,,1.088
,,1.089
,,1.087
,,1.090
,,1.090
,,1.091
,,1.090
,,1.091
,,1.092
,,1.091
,,1.091
,,1.094
,,1.092
,,1.093
,,1.091
,,1.093
,,1.096
,,1.093
,,1.094
,,1.091
,,1.089
,,1.087
,,1.087
,,1.085
,,1.081
,,1.072
,,1.059
,,1.045
,,1.035
,,1.022
,,1.009
,,0.995
,,0.982
,,0.967
,,0.953
,,0.937
,,0.911
,,0.886
,,0.861
,,0.838
,,0.810
,,0.782
,,0.747
,,0.711
,,0.668
,,0.615
,,0.556
,,0.491
,,0.437
,,0.382
,,0.329
,,0.262
,,0.197
,,0.146
,,0.114
,,0.088
,,0.055
,,0.034
,,0.027
,,0.021
,,0.018
,,0.018
,,0.017
,,0.016
,,0.017
,,0.016
,,0.015
,,0.015
,,0.014
,,0.013
,,0.014
,,0.015
,,0.014
,,0.013
,,0.012
,,0.013
,,0.014
,,0.013
,,0.013
,,0.013
,,0.013
,,0.013
,,0.013
,,0.013
,,0.014
,,0.012
,,0.013
,,0.011
,,0.012
,,0.013
,,0.012
,,0.012
,,0.012
,,0.013
,,0.013
,,0.011
,,0.011
,,0.012
,,0.012
,,0.011
,,0.010
,,0.012
,,0.011
,,0.011
,,0.012
,,0.010
,,0.011
,,0.013
,,0.011
,,0.011
,,0.013
,,0.012
,,0.012
,,0.012
,,0.012
,,0.013
,,0.013
,,0.011
,,0.012
,,0.012
,,0.011
,,0.012
,,0.013
,,0.012
,,0.013
,,0.013
,,0.011
,,0.012
,,0.011
,,0.010
,,0.012
,,0.012
,,0.012
,,0.013
,,0.012
,,0.012
,,0.014
,,0.011
,,0.013
,,0.012
,,0.012
,,0.013
,,0.010
,,0.011
,,0.011
,,0.012
,,0.012
,,0.012
,,0.011
,,0.011
,,0.012
,,0.011
,,0.011
,,0.012
,,0.012
,,0.011
,,0.012
,,0.013
,,0.011
,,0.013
,,0.012
,,0.014
,,0.014
,,0.013
,,0.016
,,0.015
,,0.018
,,0.021
,,0.025
,,0.028
,,0.039
,,0.060
,,0.094
,,0.145
,,0.222
,,0.312
,,0.396
,,0.477
,,0.561
,,0.645
,,0.708
,,0.746
,,0.783
,,0.837
,,0.909
,,0.953
,,0.968
,,0.988
,,1.014
,,1.042
,,1.064
,,1.071
,,1.075
,,1.077
,,1.078
,,1.081
,,1.080
,,1.083
,,1.082
,,1.083
,,1.084
,,1.084
,,1.085
,,1.086
,,1.085
,,1.086
,,1.086
,,1.086
,,1.087
,,1.087
,,1.087
,,1.088
,,1.086
,,1.086
,,1.087
,,1.088
,,1.087
,,1.086
,,1.085
,,1.083
,,1.085
,,1.084
,,1.079
,,1.077
,,1.072
,,1.066
,,1.052
,,1.040
,,1.027
,,1.013
,,0.996
,,0.985
,,0.972
,,0.956
,,0.945
,,0.926
,,0.902
,,0.879
,,0.856
,,0.829
,,0.804
,,0.776
,,0.742
,,0.705
,,0.661
,,0.606
,,0.546
,,0.480
,,0.430
,,0.377
,,0.323
,,0.254
,,0.189
,,0.141
,,0.113
,,0.089
,,0.057
,,0.035
,,0.027
,,0.022
,,0.015
,,0.015
,,0.016
,,0.014
,,0.015
,,0.014
,,0.014
,,0.013
,,0.012
,,0.013
,,0.011
,,0.012
,,0.012
,,0.011
,,0.011
,,0.011
,,0.012
,,0.013
,,0.011
,,0.010
,,0.013
,,0.010
,,0.013
,,0.012
,,0.009
,,0.012
,,0.011
,,0.009
,,0.012
,,0.011
,,0.010
,,0.011
,,0.010
,,0.011
,,0.010
,,0.010
,,0.011
,,0.011
,,0.010
,,0.010
,,0.010
,,0.011
,,0.010
,,0.011
,,0.011
,,0.011
,,0.012
,,0.010
,,0.011
,,0.011
,,0.012
,,0.012
,,0.011
,,0.012
,,0.010
,,0.011
,,0.010
,,0.011
,,0.011
,,0.009
,,0.010
,,0.011
,,0.010
,,0.011
,,0.010
,,0.010
,,0.008
,,0.009
,,0.009
,,0.008
,,0.008
,,0.008
,,0.009
,,0.011
,,0.010
,,0.008
,,0.007
,,0.010
,,0.010
,,0.009
,,0.009
,,0.010
,,0.010
,,0.008
,,0.009
,,0.011
,,0.009
,,0.009
,,0.009
,,0.009
,,0.010
,,0.007
,,0.010
,,0.008
,,0.010
,,0.009
,,0.009
,,0.009
,,0.011
,,0.011
,,0.010
,,0.012
,,0.012
,,0.012
,,0.016
,,0.016
,,0.017
,,0.018
,,0.022
,,0.026
,,0.034
,,0.054
,,0.088
,,0.138
,,0.213
,,0.306
,,0.391
,,0.467
,,0.546
,,0.626
,,0.703
,,0.745
,,0.779
,,0.831
,,0.900
,,0.951
,,0.973
,,0.990
,,1.014
,,1.040
,,1.062
,,1.068
,,1.073
,,1.076
,,1.078
,,1.078
,,1.080
,,1.080
,,1.081
,,1.082
,,1.083
,,1.083
,,1.084
,,1.084
,,1.083
,,1.083
,,1.083
,,1.084
,,1.084
,,1.085
,,1.086
,,1.086
,,1.088
,,1.086
,,1.087
,,1.086
,,1.086
,,1.087
,,1.086
,,1.085
,,1.084
,,1.083
,,1.080
,,1.077
,,1.074
,,1.066
,,1.054
,,1.039
,,1.029
,,1.015
,,1.001
,,0.986
,,0.974
,,0.959
,,0.942
,,0.925
,,0.902
,,0.875
,,0.857
,,0.828
,,0.804
,,0.775
,,0.742
,,0.703
,,0.659
,,0.606
,,0.546
,,0.479
,,0.430
,,0.377
,,0.320
,,0.253
,,0.188
,,0.142
,,0.111
,,0.083
,,0.052
,,0.037
,,0.028
,,0.022
,,0.019
,,0.018
,,0.018
,,0.017
,,0.017
,,0.014
,,0.015
,,0.014
,,0.014
,,0.013
,,0.014
,,0.015
,,0.013
,,0.013
,,0.013
,,0.014
,,0.013
,,0.013
,,0.013
,,0.013
,,0.013
,,0.014
,,0.013
,,0.013
,,0.013
,,0.012
,,0.013
,,0.013
,,0.014
,,0.012
,,0.014
,,0.011
,,0.013
,,0.012
,,0.013
,,0.012
,,0.012
,,0.013
,,0.012
,,0.013
,,0.013
,,0.013
,,0.012
,,0.012
,,0.012
,,0.012
,,0.011
,,0.011
,,0.013
,,0.011
,,0.011
,,0.011
,,0.012
,,0.010
,,0.013
,,0.011
,,0.011
,,0.012
,,0.010
,,0.011
,,0.011
,,0.011
,,0.011
,,0.011
,,0.010
,,0.010
,,0.011
,,0.010
,,0.011
,,0.011
,,0.011
,,0.011
,,0.009
,,0.010
,,0.011
,,0.009
,,0.011
,,0.010
,,0.011
,,0.011
,,0.009
,,0.012
,,0.009
,,0.010
,,0.009
,,0.011
,,0.009
,,0.011
,,0.011
,,0.009
,,0.010
,,0.011
,,0.008
,,0.010
,,0.009
,,0.011
,,0.010
,,0.009
,,0.010
,,0.011
,,0.012
,,0.010
,,0.011
,,0.014
,,0.015
,,0.015
,,0.018
,,0.020
,,0.023
,,0.029
,,0.038
,,0.056
,,0.092
,,0.140
,,0.215
,,0.305
,,0.389
,,0.471
,,0.554
,,0.642
,,0.705
,,0.744
,,0.781
,,0.833
,,0.903
