10386,,-0.028
,,-0.026
01:Graph01,,-0.027
mm,,-0.026
,,-0.028
,,-0.028
,,-0.026
,,-0.027
,,-0.026
,,-0.026
,,-0.028
,,-0.026
,,-0.028
,,-0.026
,,-0.026
,,-0.024
,,-0.026
,,-0.026
,,-0.029
,,-0.027
,,-0.027
,,-0.026
,,-0.028
,,-0.027
,,-0.027
,,-0.026
,,-0.026
,,-0.027
,,-0.026
,,-0.027
,,-0.028
,,-0.027
,,-0.027
,,-0.026
,,-0.027
,,-0.027
,,-0.026
,,-0.025
,,-0.027
,,-0.027
,,-0.027
,,-0.027
,,-0.027
,,-0.026
,,-0.026
,,-0.028
,,-0.026
,,-0.026
,,-0.026
,,-0.026
,,-0.028
,,-0.026
,,-0.027
,,-0.027
,,-0.028
,,-0.027
,,-0.027
,,-0.027
,,-0.026
,,-0.026
,,-0.025
,,-0.025
,,-0.029
,,-0.026
,,-0.026
,,-0.027
,,-0.027
,,-0.029
,,-0.027
,,-0.026
,,-0.025
,,-0.028
,,-0.026
,,-0.027
,,-0.027
,,-0.028
,,-0.026
,,-0.026
,,-0.028
,,-0.025
,,-0.025
,,-0.027
,,-0.027
,,-0.026
,,-0.027
,,-0.027
,,-0.027
,,-0.026
,,-0.028
,,-0.027
,,-0.027
,,-0.026
,,-0.027
,,-0.026
,,-0.028
,,-0.028
,,-0.028
,,-0.027
,,-0.027
,,-0.028
,,-0.025
,,-0.028
,,-0.028
,,-0.026
,,-0.027
,,-0.027
,,-0.026
,,-0.027
,,-0.026
,,-0.028
,,-0.025
,,-0.027
,,-0.026
,,-0.026
,,-0.027
,,-0.027
,,-0.026
,,-0.026
,,-0.027
,,-0.028
,,-0.028
,,-0.028
,,-0.028
,,-0.027
,,-0.027
,,-0.027
,,-0.027
,,-0.027
,,-0.028
,,-0.028
,,-0.028
,,-0.028
,,-0.028
,,-0.026
,,-0.027
,,-0.027
,,-0.029
,,-0.027
,,-0.030
,,-0.028
,,-0.027
,,-0.026
,,-0.030
,,-0.027
,,-0.028
,,-0.026
,,-0.028
,,-0.027
,,-0.028
,,-0.027
,,-0.027
,,-0.028
,,-0.028
,,-0.028
,,-0.029
,,-0.028
,,-0.029
,,-0.029
,,-0.028
,,-0.028
,,-0.027
,,-0.029
,,-0.028
,,-0.025
,,-0.028
,,-0.027
,,-0.028
,,-0.027
,,-0.027
,,-0.027
,,-0.027
,,-0.030
,,-0.027
,,-0.028
,,-0.026
,,-0.027
,,-0.027
,,-0.026
,,-0.027
,,-0.026
,,-0.028
,,-0.027
,,-0.027
,,-0.027
,,-0.027
,,-0.027
,,-0.027
,,-0.027
,,-0.024
,,-0.027
,,-0.029
,,-0.027
,,-0.028
,,-0.027
,,-0.028
,,-0.027
,,-0.026
,,-0.029
,,-0.027
,,-0.027
,,-0.028
,,-0.027
,,-0.026
,,-0.026
,,-0.027
,,-0.027
,,-0.027
,,-0.026
,,-0.028
,,-0.026
,,-0.028
,,-0.027
,,-0.027
,,-0.026
,,-0.028
,,-0.027
,,-0.026
,,-0.027
,,-0.026
,,-0.025
,,-0.027
,,-0.028
,,-0.026
,,-0.027
,,-0.028
,,-0.025
,,-0.027
,,-0.026
,,-0.026
,,-0.026
,,-0.026
,,-0.029
,,-0.027
,,-0.026
,,-0.024
,,-0.026
,,-0.027
,,-0.027
,,-0.027
,,-0.025
,,-0.027
,,-0.026
,,-0.026
,,-0.025
,,-0.027
,,-0.026
,,-0.026
,,-0.024
,,-0.028
,,-0.028
,,-0.026
,,-0.025
,,-0.027
,,-0.024
,,-0.027
,,-0.028
,,-0.026
,,-0.027
,,-0.027
,,-0.026
,,-0.027
,,-0.026
,,-0.028
,,-0.025
,,-0.026
,,-0.027
,,-0.028
,,-0.027
,,-0.027
,,-0.027
,,-0.027
,,-0.029
,,-0.026
,,-0.026
,,-0.026
,,-0.027
,,-0.027
,,-0.027
,,-0.028
,,-0.028
,,-0.027
,,-0.027
,,-0.028
,,-0.029
,,-0.027
,,-0.028
,,-0.026
,,-0.026
,,-0.029
,,-0.026
,,-0.026
,,-0.028
,,-0.027
,,-0.027
,,-0.026
,,-0.028
,,-0.027
,,-0.027
,,-0.027
,,-0.028
,,-0.027
,,-0.028
,,-0.026
,,-0.028
,,-0.027
,,-0.027
,,-0.027
,,-0.028
,,-0.026
,,-0.026
,,-0.027
,,-0.025
,,-0.024
,,-0.023
,,-0.024
,,-0.021
,,-0.017
,,-0.007
,,0.003
,,0.018
,,0.037
,,0.081
,,0.171
,,0.302
,,0.465
,,0.647
,,0.775
,,0.866
,,0.921
,,0.948
,,0.978
,,1.008
,,1.038
,,1.064
,,1.082
,,1.101
,,1.108
,,1.113
,,1.119
,,1.127
,,1.136
,,1.146
,,1.155
,,1.162
,,1.170
,,1.174
,,1.177
,,1.183
,,1.186
,,1.189
,,1.192
,,1.195
,,1.198
,,1.200
,,1.203
,,1.207
,,1.208
,,1.212
,,1.213
,,1.215
,,1.218
,,1.219
,,1.222
,,1.225
,,1.226
,,1.228
,,1.230
,,1.232
,,1.235
,,1.237
,,1.237
,,1.237
,,1.238
,,1.237
,,1.239
,,1.237
,,1.238
,,1.238
,,1.238
,,1.235
,,1.236
,,1.234
,,1.235
,,1.234
,,1.233
,,1.233
,,1.234
,,1.231
,,1.230
,,1.225
,,1.225
,,1.224
,,1.222
,,1.215
,,1.207
,,1.199
,,1.194
,,1.185
,,1.181
,,1.167
,,1.143
,,1.110
,,1.064
,,1.041
,,1.023
,,1.003
,,0.991
,,0.974
,,0.953
,,0.925
,,0.854
,,0.785
,,0.742
,,0.692
,,0.630
,,0.562
,,0.501
,,0.439
,,0.387
,,0.351
,,0.316
,,0.290
,,0.264
,,0.236
,,0.214
,,0.190
,,0.171
,,0.155
,,0.138
,,0.122
,,0.105
,,0.095
,,0.081
,,0.071
,,0.063
,,0.053
,,0.045
,,0.038
,,0.031
,,0.028
,,0.024
,,0.018
,,0.015
,,0.009
,,0.007
,,0.001
,,-0.001
,,-0.003
,,-0.006
,,-0.007
,,-0.011
,,-0.012
,,-0.012
,,-0.014
,,-0.014
,,-0.015
,,-0.015
,,-0.015
,,-0.017
,,-0.017
,,-0.017
,,-0.016
,,-0.016
,,-0.017
,,-0.018
,,-0.017
,,-0.019
,,-0.020
,,-0.019
,,-0.020
,,-0.021
,,-0.020
,,-0.019
,,-0.019
,,-0.021
,,-0.022
,,-0.021
,,-0.020
,,-0.021
,,-0.019
,,-0.021
,,-0.022
,,-0.020
,,-0.022
,,-0.021
,,-0.022
,,-0.020
,,-0.021
,,-0.019
,,-0.021
,,-0.020
,,-0.023
,,-0.022
,,-0.024
,,-0.022
,,-0.021
,,-0.022
,,-0.022
,,-0.022
,,-0.022
,,-0.023
,,-0.019
,,-0.020
,,-0.022
,,-0.022
,,-0.021
,,-0.022
,,-0.022
,,-0.022
,,-0.022
,,-0.020
,,-0.020
,,-0.021
,,-0.020
,,-0.018
,,-0.018
,,-0.015
,,-0.010
,,-0.003
,,0.007
,,0.017
,,0.040
,,0.078
,,0.132
,,0.237
,,0.366
,,0.513
,,0.646
,,0.734
,,0.807
,,0.875
,,0.926
,,0.956
,,0.983
,,1.014
,,1.050
,,1.090
,,1.112
,,1.122
,,1.127
,,1.135
,,1.143
,,1.153
,,1.163
,,1.168
,,1.173
,,1.174
,,1.180
,,1.184
,,1.185
,,1.188
,,1.189
,,1.194
,,1.195
,,1.199
,,1.200
,,1.203
,,1.205
,,1.208
,,1.209
,,1.212
,,1.215
,,1.217
,,1.218
,,1.222
,,1.224
,,1.224
,,1.226
,,1.230
,,1.231
,,1.231
,,1.234
,,1.232
,,1.232
,,1.231
,,1.231
,,1.232
,,1.231
,,1.229
,,1.230
,,1.227
,,1.229
,,1.227
,,1.228
,,1.226
,,1.225
,,1.224
,,1.223
,,1.221
,,1.220
,,1.217
,,1.212
,,1.204
,,1.196
,,1.191
,,1.186
,,1.178
,,1.170
,,1.156
,,1.132
,,1.091
,,1.048
,,1.029
,,1.008
,,0.990
,,0.974
,,0.956
,,0.931
,,0.880
,,0.805
,,0.762
,,0.713
,,0.662
,,0.601
,,0.548
,,0.491
,,0.443
,,0.402
,,0.365
,,0.341
,,0.311
,,0.291
,,0.268
,,0.251
,,0.233
,,0.213
,,0.196
,,0.182
,,0.167
,,0.155
,,0.143
,,0.132
,,0.119
,,0.111
,,0.098
,,0.090
,,0.081
,,0.074
,,0.070
,,0.062
,,0.058
,,0.055
,,0.051
,,0.046
,,0.043
,,0.039
,,0.034
,,0.031
,,0.029
,,0.026
,,0.023
,,0.020
,,0.017
,,0.013
,,0.013
,,0.009
,,0.007
,,0.004
,,-0.001
,,-0.005
,,-0.006
,,-0.007
,,-0.009
,,-0.011
,,-0.010
,,-0.013
,,-0.012
,,-0.015
,,-0.016
,,-0.016
,,-0.014
,,-0.016
,,-0.017
,,-0.019
,,-0.018
,,-0.020
,,-0.019
,,-0.018
,,-0.021
,,-0.021
,,-0.018
,,-0.019
,,-0.020
,,-0.022
,,-0.020
,,-0.022
,,-0.022
,,-0.019
,,-0.021
,,-0.021
,,-0.021
,,-0.021
,,-0.022
,,-0.020
,,-0.022
,,-0.021
,,-0.021
,,-0.022
,,-0.021
,,-0.020
,,-0.021
,,-0.022
,,-0.022
,,-0.022
,,-0.021
,,-0.021
,,-0.023
,,-0.021
,,-0.020
,,-0.023
,,-0.021
,,-0.021
,,-0.021
,,-0.021
,,-0.018
,,-0.015
,,-0.014
,,-0.012
,,-0.004
,,0.005
,,0.014
,,0.033
,,0.067
,,0.113
,,0.201
,,0.316
,,0.440
,,0.565
,,0.664
,,0.740
,,0.808
,,0.876
,,0.929
,,0.964
,,0.992
,,1.023
,,1.066
,,1.104
,,1.121
,,1.127
,,1.135
,,1.142
,,1.153
,,1.163
,,1.168
,,1.171
,,1.174
,,1.178
,,1.181
,,1.186
,,1.188
,,1.190
,,1.192
,,1.195
,,1.198
,,1.200
,,1.202
,,1.204
,,1.206
,,1.209
,,1.210
,,1.212
,,1.215
,,1.217
,,1.219
,,1.219
,,1.223
,,1.225
,,1.225
,,1.229
,,1.229
,,1.229
,,1.229
,,1.230
,,1.227
,,1.228
,,1.228
,,1.228
,,1.228
,,1.225
,,1.227
,,1.225
,,1.225
,,1.223
,,1.223
,,1.221
,,1.221
,,1.220
,,1.218
,,1.216
,,1.212
,,1.209
,,1.198
,,1.189
,,1.186
,,1.180
,,1.172
,,1.165
,,1.149
,,1.116
,,1.068
,,1.037
,,1.013
,,0.993
,,0.979
,,0.961
,,0.942
,,0.914
,,0.846
,,0.782
,,0.740
,,0.690
,,0.638
,,0.582
,,0.535
,,0.481
,,0.441
,,0.402
,,0.377
,,0.348
,,0.324
,,0.302
,,0.285
,,0.270
,,0.257
,,0.240
,,0.222
,,0.209
,,0.195
,,0.183
,,0.171
,,0.161
,,0.151
,,0.140
,,0.132
,,0.123
,,0.115
,,0.105
,,0.098
,,0.091
,,0.084
,,0.078
,,0.073
,,0.069
,,0.065
,,0.060
,,0.056
,,0.053
,,0.050
,,0.046
,,0.044
,,0.041
,,0.039
,,0.036
,,0.034
,,0.031
,,0.027
,,0.026
,,0.025
,,0.024
,,0.020
,,0.018
,,0.017
,,0.016
,,0.013
,,0.011
,,0.010
,,0.007
,,0.004
,,0.003
,,0.000
,,0.000
,,-0.001
,,-0.003
,,-0.004
,,-0.007
,,-0.008
,,-0.009
,,-0.012
,,-0.011
,,-0.015
,,-0.013
,,-0.014
,,-0.015
,,-0.016
,,-0.018
,,-0.019
,,-0.018
,,-0.020
,,-0.019
,,-0.020
,,-0.018
,,-0.020
,,-0.021
,,-0.019
,,-0.020
,,-0.020
,,-0.021
,,-0.020
,,-0.021
,,-0.020
,,-0.020
,,-0.021
,,-0.021
,,-0.021
,,-0.022
,,-0.020
,,-0.021
,,-0.021
,,-0.020
,,-0.020
,,-0.022
,,-0.020
,,-0.021
,,-0.018
,,-0.015
,,-0.016
,,-0.010
,,-0.004
,,0.005
,,0.017
,,0.039
,,0.069
,,0.125
,,0.211
,,0.317
,,0.424
,,0.540
,,0.634
,,0.707
,,0.774
,,0.843
,,0.908
,,0.948
,,0.978
,,1.011
,,1.045
,,1.093
,,1.123
,,1.131
,,1.136
,,1.144
,,1.156
,,1.164
,,1.167
,,1.171
,,1.177
,,1.178
,,1.183
,,1.184
,,1.188
,,1.189
,,1.195
,,1.194
,,1.196
,,1.200
,,1.201
,,1.205
,,1.208
,,1.209
,,1.210
,,1.212
,,1.216
,,1.217
,,1.220
,,1.219
,,1.220
,,1.224
,,1.226
,,1.229
,,1.230
,,1.230
,,1.228
,,1.229
,,1.229
,,1.229
,,1.230
,,1.228
,,1.228
,,1.227
,,1.227
,,1.225
,,1.224
,,1.224
,,1.224
,,1.222
,,1.219
,,1.220
,,1.218
,,1.217
,,1.211
,,1.205
,,1.194
,,1.191
,,1.185
,,1.179
,,1.170
,,1.158
,,1.138
,,1.095
,,1.046
,,1.017
,,1.002
,,0.982
,,0.969
,,0.951
,,0.929
,,0.888
,,0.808
,,0.759
,,0.711
,,0.662
,,0.608
,,0.558
,,0.510
,,0.464
,,0.432
,,0.398
,,0.374
,,0.352
,,0.331
,,0.312
,,0.298
,,0.282
,,0.269
,,0.255
,,0.243
,,0.231
,,0.216
,,0.202
,,0.192
,,0.179
,,0.170
,,0.164
,,0.153
,,0.146
,,0.139
,,0.133
,,0.127
,,0.123
,,0.116
,,0.113
,,0.106
,,0.102
,,0.097
,,0.093
,,0.087
,,0.083
,,0.075
,,0.072
,,0.069
,,0.066
,,0.061
,,0.057
,,0.053
,,0.051
,,0.049
,,0.046
,,0.044
,,0.041
,,0.037
,,0.036
,,0.035
,,0.031
,,0.031
,,0.028
,,0.026
,,0.025
,,0.022
,,0.021
,,0.017
,,0.017
,,0.012
,,0.010
,,0.009
,,0.005
,,0.006
,,0.003
,,0.002
,,0.002
,,-0.001
,,-0.002
,,-0.003
,,-0.006
,,-0.006
,,-0.007
,,-0.008
,,-0.009
,,-0.011
,,-0.011
,,-0.012
,,-0.015
,,-0.013
,,-0.015
,,-0.015
,,-0.015
,,-0.016
,,-0.017
,,-0.018
,,-0.018
,,-0.018
,,-0.019
,,-0.019
,,-0.018
,,-0.020
,,-0.019
,,-0.018
,,-0.020
,,-0.018
,,-0.020
,,-0.021
,,-0.018
,,-0.019
,,-0.017
,,-0.017
,,-0.015
,,-0.012
,,-0.009
,,-0.002
,,0.007
,,0.021
,,0.043
,,0.076
,,0.131
,,0.220
,,0.320
,,0.424
,,0.528
,,0.619
,,0.688
,,0.755
,,0.821
,,0.889
,,0.937
,,0.969
,,0.999
,,1.033
,,1.079
,,1.118
,,1.133
,,1.138
,,1.147
,,1.158
,,1.165
,,1.169
,,1.174
,,1.178
,,1.183
,,1.185
,,1.187
,,1.188
,,1.191
,,1.194
,,1.196
,,1.199
,,1.202
,,1.202
,,1.205
,,1.207
,,1.211
,,1.213
,,1.214
,,1.215
,,1.219
,,1.220
,,1.223
,,1.224
,,1.223
,,1.226
,,1.228
,,1.229
,,1.230
,,1.229
,,1.230
,,1.229
,,1.229
,,1.229
,,1.228
,,1.226
,,1.228
,,1.228
,,1.225
,,1.225
,,1.223
,,1.225
,,1.224
,,1.222
,,1.219
,,1.217
,,1.216
,,1.211
,,1.202
,,1.193
,,1.189
,,1.182
,,1.175
,,1.165
,,1.153
,,1.119
,,1.071
,,1.044
,,1.024
,,1.003
,,0.987
,,0.970
,,0.955
,,0.930
,,0.885
,,0.800
,,0.751
,,0.705
,,0.652
,,0.601
,,0.557
,,0.511
,,0.473
,,0.440
,,0.409
,,0.383
,,0.361
,,0.340
,,0.323
,,0.307
,,0.296
,,0.282
,,0.269
,,0.257
,,0.244
,,0.231
,,0.221
,,0.207
,,0.196
,,0.186
,,0.177
,,0.167
,,0.160
,,0.153
,,0.147
,,0.142
,,0.134
,,0.130
,,0.126
,,0.121
,,0.115
,,0.113
,,0.107
,,0.103
,,0.099
,,0.094
,,0.090
,,0.085
,,0.079
,,0.075
,,0.071
,,0.069
,,0.065
,,0.063
,,0.060
,,0.057
,,0.054
,,0.051
,,0.050
,,0.047
,,0.045
,,0.045
,,0.042
,,0.040
,,0.038
,,0.034
,,0.033
,,0.032
,,0.031
,,0.027
,,0.028
,,0.025
,,0.024
,,0.023
,,0.021
,,0.019
,,0.016
,,0.014
,,0.013
,,0.010
,,0.008
,,0.008
,,0.005
,,0.004
,,0.003
,,0.002
,,0.001
,,0.000
,,-0.003
,,-0.003
,,-0.004
,,-0.006
,,-0.008
,,-0.007
,,-0.006
,,-0.009
,,-0.012
,,-0.013
,,-0.013
,,-0.014
,,-0.014
,,-0.013
,,-0.015
,,-0.015
,,-0.015
,,-0.016
,,-0.016
,,-0.015
,,-0.017
,,-0.014
,,-0.014
,,-0.011
,,-0.011
,,-0.007
,,-0.002
,,0.003
,,0.010
,,0.026
,,0.050
,,0.085
,,0.142
,,0.227
,,0.327
,,0.425
,,0.523
,,0.612
,,0.680
,,0.745
,,0.809
,,0.879
,,0.933
,,0.964
,,0.994
,,1.030
,,1.071
,,1.114
,,1.135
,,1.140
,,1.149
,,1.157
,,1.166
,,1.171
,,1.176
,,1.177
,,1.183
,,1.185
,,1.189
,,1.192
,,1.193
,,1.195
,,1.199
,,1.200
,,1.203
,,1.205
,,1.209
,,1.209
,,1.210
,,1.214
,,1.215
,,1.215
,,1.219
,,1.220
,,1.221
,,1.223
,,1.224
,,1.228
,,1.228
,,1.231
,,1.231
,,1.232
,,1.230
,,1.230
,,1.230
,,1.231
,,1.229
,,1.228
,,1.228
,,1.228
,,1.227
,,1.225
,,1.225
,,1.224
,,1.223
,,1.223
,,1.221
,,1.218
,,1.215
,,1.210
,,1.201
,,1.194
,,1.190
,,1.184
,,1.174
,,1.165
,,1.146
,,1.099
,,1.060
,,1.041
,,1.017
,,1.000
,,0.984
,,0.971
,,0.951
,,0.930
,,0.879
,,0.795
,,0.747
,,0.696
,,0.647
,,0.599
,,0.557
,,0.513
,,0.478
,,0.447
,,0.417
,,0.393
,,0.369
,,0.351
,,0.334
,,0.317
,,0.304
,,0.292
,,0.283
,,0.268
,,0.260
,,0.247
,,0.235
,,0.223
,,0.215
,,0.204
,,0.194
,,0.187
,,0.175
,,0.167
,,0.162
,,0.155
,,0.149
,,0.144
,,0.139
,,0.134
,,0.128
,,0.126
,,0.121
,,0.118
,,0.114
,,0.109
,,0.104
,,0.103
,,0.098
,,0.095
,,0.088
,,0.084
,,0.080
,,0.077
,,0.072
,,0.068
,,0.067
,,0.062
,,0.061
,,0.058
,,0.055
,,0.051
,,0.050
,,0.049
,,0.048
,,0.046
,,0.042
,,0.039
,,0.039
,,0.037
,,0.035
,,0.032
,,0.032
,,0.030
,,0.029
,,0.026
,,0.026
,,0.024
,,0.023
,,0.020
,,0.019
,,0.018
,,0.015
,,0.014
,,0.012
,,0.011
,,0.009
,,0.008
,,0.007
,,0.006
,,0.003
,,0.004
,,0.000
,,-0.002
,,-0.002
,,-0.005
,,-0.006
,,-0.006
,,-0.008
,,-0.010
,,-0.010
,,-0.011
,,-0.012
,,-0.014
,,-0.011
,,-0.012
,,-0.012
,,-0.012
,,-0.011
,,-0.012
,,-0.012
,,-0.010
,,-0.008
,,-0.005
,,0.000
,,0.006
,,0.014
,,0.031
,,0.056
,,0.093
,,0.153
,,0.239
,,0.337
,,0.429
,,0.523
,,0.607
,,0.676
,,0.737
,,0.801
,,0.869
,,0.927
,,0.958
,,0.989
,,1.027
,,1.065
,,1.107
,,1.138
,,1.140
,,1.149
,,1.159
,,1.167
,,1.171
,,1.176
,,1.179
,,1.184
,,1.186
,,1.190
,,1.191
,,1.194
,,1.196
,,1.200
,,1.201
,,1.203
,,1.206
,,1.208
,,1.210
,,1.211
,,1.214
,,1.217
,,1.217
,,1.219
,,1.223
,,1.222
,,1.224
,,1.227
,,1.229
,,1.232
,,1.232
,,1.231
,,1.230
,,1.230
,,1.230
,,1.229
,,1.230
,,1.229
,,1.229
,,1.227
,,1.227
,,1.227
,,1.225
,,1.226
,,1.224
,,1.223
,,1.222
,,1.220
,,1.220
,,1.217
,,1.210
,,1.201
,,1.191
,,1.189
,,1.182
,,1.173
,,1.162
,,1.131
,,1.086
,,1.054
,,1.034
,,1.012
,,0.997
,,0.982
,,0.966
,,0.947
,,0.918
,,0.851
,,0.779
,,0.739
,,0.686
,,0.636
,,0.591
,,0.548
,,0.504
,,0.473
,,0.442
,,0.416
,,0.393
,,0.372
,,0.354
,,0.339
,,0.324
,,0.314
,,0.301
,,0.288
,,0.280
,,0.266
,,0.256
,,0.246
,,0.235
,,0.225
,,0.214
,,0.205
,,0.196
,,0.186
,,0.178
,,0.172
,,0.164
,,0.159
,,0.153
,,0.146
,,0.142
,,0.139
,,0.135
,,0.129
,,0.125
,,0.121
,,0.118
,,0.116
,,0.109
,,0.107
,,0.102
,,0.101
,,0.096
,,0.094
,,0.090
,,0.087
,,0.082
,,0.077
,,0.074
,,0.073
,,0.066
,,0.065
,,0.063
,,0.061
,,0.059
,,0.055
,,0.056
,,0.052
,,0.052
,,0.050
,,0.047
,,0.046
,,0.045
,,0.043
,,0.041
,,0.038
,,0.039
,,0.035
,,0.035
,,0.032
,,0.031
,,0.030
,,0.030
,,0.028
,,0.026
,,0.024
,,0.024
,,0.021
,,0.021
,,0.018
,,0.015
,,0.014
,,0.012
,,0.013
,,0.011
,,0.009
,,0.008
,,0.005
,,0.003
,,0.001
,,0.000
,,-0.002
,,-0.007
,,-0.006
,,-0.007
,,-0.006
,,-0.007
,,-0.007
,,-0.006
,,-0.008
,,-0.007
,,-0.005
,,-0.004
,,-0.003
,,0.000
,,0.006
,,0.010
,,0.024
,,0.039
,,0.066
,,0.108
,,0.170
,,0.255
,,0.351
,,0.441
,,0.527
,,0.603
,,0.672
,,0.734
,,0.797
,,0.865
,,0.929
,,0.961
,,0.992
,,1.028
,,1.063
,,1.107
,,1.139
,,1.141
,,1.150
,,1.160
,,1.168
,,1.170
,,1.176
,,1.178
,,1.181
,,1.185
,,1.187
,,1.190
,,1.192
,,1.194
,,1.199
,,1.199
,,1.201
,,1.202
,,1.207
,,1.208
,,1.210
,,1.212
,,1.214
,,1.215
,,1.217
,,1.218
,,1.220
,,1.222
,,1.223
,,1.225
,,1.227
,,1.227
,,1.228
,,1.228
,,1.229
,,1.229
,,1.229
,,1.227
,,1.227
,,1.226
,,1.225
,,1.225
,,1.224
,,1.224
,,1.223
,,1.221
,,1.220
,,1.221
,,1.218
,,1.215
,,1.211
,,1.206
,,1.195
,,1.192
,,1.185
,,1.178
,,1.168
,,1.158
,,1.123
,,1.079
,,1.049
,,1.029
,,1.011
,,0.993
,,0.980
,,0.961
,,0.942
,,0.915
,,0.839
,,0.776
,,0.734
,,0.683
,,0.631
,,0.586
,,0.545
,,0.497
,,0.465
,,0.438
,,0.409
,,0.390
,,0.368
,,0.351
,,0.337
,,0.323
,,0.312
,,0.301
,,0.290
,,0.278
,,0.267
,,0.257
,,0.248
,,0.235
,,0.225
,,0.216
,,0.209
,,0.198
,,0.191
,,0.181
,,0.174
,,0.168
,,0.160
,,0.155
,,0.148
,,0.142
,,0.141
,,0.134
,,0.129
,,0.127
,,0.125
,,0.120
,,0.116
,,0.112
,,0.110
,,0.105
,,0.102
,,0.099
,,0.095
,,0.093
,,0.089
,,0.087
,,0.083
,,0.078
,,0.075
,,0.072
,,0.070
,,0.066
,,0.063
,,0.061
,,0.059
,,0.057
,,0.054
,,0.055
,,0.052
,,0.048
,,0.047
,,0.046
,,0.046
,,0.042
,,0.042
,,0.040
,,0.039
,,0.036
,,0.037
,,0.035
,,0.032
,,0.031
,,0.032
,,0.029
,,0.027
,,0.028
,,0.024
,,0.025
,,0.023
,,0.021
,,0.021
,,0.017
,,0.018
,,0.015
,,0.013
,,0.012
,,0.010
,,0.006
,,0.004
,,0.002
,,0.001
,,-0.002
,,-0.004
,,-0.005
,,-0.006
,,-0.006
,,-0.006
,,-0.007
,,-0.006
,,-0.006
,,-0.004
,,-0.005
,,0.000
,,0.003
,,0.006
,,0.012
,,0.026
,,0.044
,,0.071
,,0.109
,,0.173
,,0.263
,,0.358
,,0.441
,,0.526
,,0.606
,,0.668
,,0.730
,,0.795
,,0.858
,,0.925
,,0.961
,,0.990
,,1.027
,,1.064
,,1.106
,,1.138
,,1.140
,,1.149
,,1.158
,,1.167
,,1.170
,,1.175
,,1.178
,,1.181
,,1.185
,,1.186
,,1.188
,,1.192
,,1.194
,,1.198
,,1.199
,,1.200
,,1.203
,,1.204
,,1.206
,,1.209
,,1.211
,,1.212
,,1.215
,,1.216
,,1.218
,,1.219
,,1.222
,,1.222
,,1.224
,,1.226
,,1.228
,,1.227
,,1.227
,,1.227
,,1.226
,,1.227
,,1.225
,,1.225
,,1.226
,,1.225
,,1.222
,,1.222
,,1.224
,,1.220
,,1.221
,,1.220
,,1.218
,,1.214
,,1.214
,,1.208
,,1.200
,,1.194
,,1.191
,,1.183
,,1.177
,,1.166
,,1.148
,,1.107
,,1.068
,,1.045
,,1.025
,,1.006
,,0.993
,,0.978
,,0.962
,,0.945
,,0.915
,,0.846
,,0.774
,,0.734
,,0.681
,,0.628
,,0.585
,,0.544
,,0.499
,,0.468
,,0.439
,,0.413
,,0.392
,,0.373
,,0.355
,,0.339
,,0.324
,,0.314
,,0.302
,,0.292
,,0.280
,,0.270
,,0.259
,,0.249
,,0.238
,,0.229
,,0.220
,,0.212
,,0.202
,,0.192
,,0.186
,,0.177
,,0.169
,,0.164
,,0.158
,,0.153
,,0.148
,,0.144
,,0.139
,,0.134
,,0.133
,,0.127
,,0.125
,,0.121
,,0.117
,,0.115
,,0.112
,,0.109
,,0.105
,,0.101
,,0.099
,,0.096
,,0.092
,,0.089
,,0.085
,,0.082
,,0.080
,,0.074
,,0.070
,,0.068
,,0.066
,,0.061
,,0.060
,,0.057
,,0.055
,,0.053
,,0.053
,,0.050
,,0.047
,,0.048
,,0.044
,,0.044
,,0.043
,,0.038
,,0.036
,,0.037
,,0.036
,,0.034
,,0.032
,,0.030
,,0.031
,,0.028
,,0.028
,,0.027
,,0.025
,,0.023
,,0.021
,,0.021
,,0.019
,,0.018
,,0.017
,,0.015
,,0.015
,,0.013
,,0.010
,,0.008
,,0.005
,,0.004
,,0.001
,,-0.001
,,-0.002
,,-0.002
,,-0.003
,,-0.003
,,-0.004
,,-0.004
,,-0.004
,,-0.003
,,-0.001
,,0.001
,,0.005
,,0.010
,,0.020
,,0.031
,,0.051
,,0.077
,,0.121
,,0.186
,,0.275
,,0.365
,,0.448
,,0.530
,,0.602
,,0.668
,,0.726
,,0.785
,,0.855
,,0.922
,,0.960
,,0.990
,,1.026
,,1.061
,,1.102
,,1.137
,,1.140
,,1.150
,,1.160
,,1.167
,,1.173
,,1.175
,,1.178
,,1.182
,,1.185
,,1.186
,,1.188
,,1.192
,,1.194
,,1.195
,,1.197
,,1.201
,,1.202
,,1.207
,,1.206
,,1.210
,,1.212
,,1.212
,,1.214
,,1.215
,,1.217
,,1.221
,,1.221
,,1.222
,,1.225
,,1.227
,,1.227
,,1.228
,,1.228
,,1.227
,,1.227
,,1.226
,,1.228
,,1.227
,,1.224
,,1.225
,,1.224
,,1.223
,,1.223
,,1.220
,,1.220
,,1.220
,,1.219
,,1.216
,,1.213
,,1.207
,,1.203
,,1.194
,,1.187
,,1.181
,,1.173
,,1.164
,,1.144
,,1.098
,,1.064
,,1.040
,,1.021
,,1.003
,,0.983
,,0.971
,,0.956
,,0.937
,,0.905
,,0.821
,,0.763
,,0.718
,,0.666
,,0.618
,,0.574
,,0.532
,,0.488
,,0.457
,,0.432
,,0.406
,,0.386
,,0.366
,,0.352
,,0.337
,,0.325
,,0.313
,,0.303
,,0.293
,,0.284
,,0.272
,,0.265
,,0.252
,,0.242
,,0.233
,,0.224
,,0.215
,,0.205
,,0.199
,,0.190
,,0.182
,,0.174
,,0.167
,,0.161
,,0.155
,,0.151
,,0.147
,,0.141
,,0.138
,,0.133
,,0.129
,,0.125
,,0.123
,,0.119
,,0.116
,,0.111
,,0.110
,,0.104
,,0.102
,,0.099
,,0.094
,,0.092
,,0.089
,,0.084
,,0.081
,,0.077
,,0.075
,,0.072
,,0.068
,,0.066
,,0.064
,,0.061
,,0.060
,,0.058
,,0.056
,,0.055
,,0.052
,,0.051
,,0.047
,,0.046
,,0.045
,,0.043
,,0.043
,,0.041
,,0.040
,,0.036
,,0.037
,,0.036
,,0.035
,,0.033
,,0.031
,,0.029
,,0.030
,,0.027
,,0.026
,,0.025
,,0.024
,,0.022
,,0.022
,,0.019
,,0.018
,,0.018
,,0.015
,,0.012
,,0.010
,,0.009
,,0.005
,,0.002
,,0.003
,,0.000
,,-0.001
,,-0.001
,,-0.002
,,0.000
,,0.000
,,-0.001
,,0.002
,,0.001
,,0.004
,,0.006
,,0.012
,,0.022
,,0.035
,,0.056
,,0.083
,,0.130
,,0.198
,,0.285
,,0.377
,,0.458
,,0.532
,,0.604
,,0.668
,,0.726
,,0.787
,,0.855
,,0.923
,,0.960
,,0.989
,,1.026
,,1.061
,,1.106
,,1.137
,,1.140
,,1.147
,,1.158
,,1.166
,,1.167
,,1.174
,,1.177
,,1.182
,,1.183
,,1.186
,,1.187
,,1.191
,,1.192
,,1.194
,,1.198
,,1.201
,,1.200
,,1.205
,,1.205
,,1.207
,,1.210
,,1.211
,,1.213
,,1.214
,,1.217
,,1.219
,,1.220
,,1.224
,,1.225
,,1.226
,,1.226
,,1.227
,,1.226
,,1.227
,,1.227
,,1.225
,,1.223
,,1.225
,,1.224
,,1.223
,,1.222
,,1.222
,,1.220
,,1.221
,,1.218
,,1.219
,,1.216
,,1.216
,,1.211
,,1.205
,,1.198
,,1.188
,,1.184
,,1.178
,,1.172
,,1.161
,,1.138
,,1.091
,,1.057
,,1.038
,,1.018
,,1.000
,,0.985
,,0.968
,,0.951
,,0.933
,,0.893
,,0.811
,,0.759
,,0.711
,,0.661
,,0.609
,,0.568
,,0.523
,,0.482
,,0.447
,,0.425
,,0.399
,,0.381
,,0.365
,,0.346
,,0.330
,,0.316
,,0.305
,,0.295
,,0.286
,,0.274
,,0.263
,,0.254
,,0.242
,,0.234
,,0.222
,,0.212
,,0.204
,,0.196
,,0.188
,,0.180
,,0.172
,,0.167
,,0.161
,,0.156
,,0.152
,,0.148
,,0.143
,,0.138
,,0.135
,,0.131
,,0.128
,,0.125
,,0.121
,,0.118
,,0.114
,,0.110
,,0.109
,,0.105
,,0.103
,,0.099
,,0.097
,,0.092
,,0.090
,,0.086
,,0.082
,,0.080
,,0.076
,,0.074
,,0.072
,,0.069
,,0.066
,,0.064
,,0.062
,,0.059
,,0.058
,,0.055
,,0.053
,,0.052
,,0.049
,,0.047
,,0.044
,,0.047
,,0.044
,,0.042
,,0.042
,,0.039
,,0.039
,,0.038
,,0.038
,,0.034
,,0.034
,,0.032
,,0.031
,,0.030
,,0.027
,,0.025
,,0.025
,,0.023
,,0.023
,,0.023
,,0.021
,,0.020
,,0.019
,,0.017
,,0.014
,,0.010
,,0.009
,,0.005
,,0.003
,,0.003
,,0.001
,,0.000
,,0.001
,,0.002
,,-0.001
,,0.001
,,0.001
,,0.004
,,0.007
,,0.010
,,0.016
,,0.026
,,0.041
,,0.060
,,0.088
,,0.137
,,0.200
,,0.283
,,0.374
,,0.461
,,0.536
,,0.606
,,0.668
,,0.729
,,0.789
,,0.857
,,0.923
,,0.964
,,0.993
,,1.027
,,1.060
,,1.109
,,1.136
,,1.138
,,1.147
,,1.157
,,1.164
,,1.170
,,1.172
,,1.174
,,1.178
,,1.181
,,1.184
,,1.186
,,1.188
,,1.190
,,1.194
,,1.197
,,1.197
,,1.199
,,1.201
,,1.202
,,1.205
,,1.207
,,1.211
,,1.212
,,1.214
,,1.216
,,1.217
,,1.218
,,1.220
,,1.222
,,1.222
,,1.224
,,1.223
,,1.224
,,1.225
,,1.223
,,1.223
,,1.223
,,1.222
,,1.221
,,1.221
,,1.220
,,1.220
,,1.220
,,1.218
,,1.217
,,1.215
,,1.215
,,1.212
,,1.206
,,1.202
,,1.194
,,1.187
,,1.184
,,1.176
,,1.167
,,1.157
,,1.135
,,1.089
,,1.053
,,1.034
,,1.015
,,0.997
,,0.982
,,0.968
,,0.949
,,0.929
,,0.892
,,0.807
,,0.757
,,0.709
,,0.659
,,0.607
,,0.563
,,0.518
,,0.479
,,0.449
,,0.425
,,0.398
,,0.383
,,0.364
,,0.347
,,0.330
,,0.318
,,0.306
,,0.297
,,0.288
,,0.277
,,0.269
,,0.260
,,0.248
,,0.239
,,0.228
,,0.219
,,0.209
,,0.201
,,0.192
,,0.185
,,0.179
,,0.171
,,0.164
,,0.159
,,0.155
,,0.149
,,0.146
,,0.144
,,0.138
,,0.135
,,0.132
,,0.127
,,0.124
,,0.120
,,0.117
,,0.114
,,0.110
,,0.107
,,0.104
,,0.103
,,0.097
,,0.094
,,0.093
,,0.091
,,0.087
,,0.085
,,0.081
,,0.077
,,0.073
,,0.070
,,0.069
,,0.066
,,0.064
,,0.061
,,0.059
,,0.057
,,0.054
,,0.052
,,0.050
,,0.051
,,0.047
,,0.047
,,0.045
,,0.043
,,0.042
,,0.041
,,0.041
,,0.040
,,0.037
,,0.035
,,0.035
,,0.034
,,0.033
,,0.031
,,0.030
,,0.026
,,0.027
,,0.026
,,0.025
,,0.022
,,0.021
,,0.021
,,0.021
,,0.016
,,0.014
,,0.011
,,0.009
,,0.006
,,0.004
,,0.002
,,0.002
,,0.000
,,0.002
,,0.003
,,0.002
,,0.001
,,0.002
,,0.005
,,0.006
,,0.011
,,0.016
,,0.026
,,0.041
,,0.062
,,0.092
,,0.140
,,0.205
,,0.289
,,0.380
,,0.466
,,0.537
,,0.606
,,0.671
,,0.730
,,0.790
,,0.857
,,0.925
,,0.963
,,0.993
,,1.031
,,1.063
,,1.108
,,1.135
,,1.137
,,1.146
,,1.156
,,1.163
,,1.168
,,1.173
,,1.176
,,1.178
,,1.181
,,1.183
,,1.185
,,1.189
,,1.191
,,1.192
,,1.197
,,1.197
,,1.199
,,1.200
,,1.203
,,1.204
,,1.207
,,1.209
,,1.210
,,1.213
,,1.214
,,1.215
,,1.217
,,1.220
,,1.220
,,1.220
,,1.223
,,1.223
,,1.222
,,1.224
,,1.222
,,1.222
,,1.223
,,1.223
,,1.221
,,1.221
,,1.220
,,1.219
,,1.217
,,1.217
,,1.216
,,1.214
,,1.214
,,1.211
,,1.206
,,1.202
,,1.193
,,1.186
,,1.182
,,1.174
,,1.167
,,1.154
,,1.120
,,1.078
,,1.051
,,1.030
,,1.012
,,0.997
,,0.981
,,0.967
,,0.950
,,0.929
,,0.887
,,0.802
,,0.751
,,0.705
,,0.654
,,0.604
,,0.564
,,0.516
,,0.478
,,0.447
,,0.420
,,0.395
,,0.380
,,0.362
,,0.349
,,0.334
,,0.323
,,0.312
,,0.303
,,0.294
,,0.284
,,0.275
,,0.265
,,0.254
,,0.245
,,0.236
,,0.226
,,0.217
,,0.210
,,0.200
,,0.194
,,0.187
,,0.178
,,0.172
,,0.167
,,0.161
,,0.156
,,0.152
,,0.146
,,0.142
,,0.140
,,0.135
,,0.132
,,0.130
,,0.125
,,0.121
,,0.120
,,0.116
,,0.112
,,0.109
,,0.104
,,0.102
,,0.102
,,0.098
,,0.095
,,0.092
,,0.088
,,0.086
,,0.082
,,0.079
,,0.075
,,0.071
,,0.070
,,0.067
,,0.064
,,0.063
,,0.060
,,0.058
,,0.057
,,0.055
,,0.052
,,0.051
,,0.050
,,0.048
,,0.047
,,0.045
,,0.045
,,0.045
,,0.043
,,0.039
,,0.040
,,0.041
,,0.039
,,0.037
,,0.036
,,0.035
,,0.035
,,0.033
,,0.030
,,0.029
,,0.027
,,0.025
,,0.023
,,0.023
,,0.020
,,0.017
,,0.015
,,0.011
,,0.009
,,0.006
,,0.004
,,0.004
,,0.005
,,0.005
,,0.002
,,0.003
,,0.005
,,0.006
,,0.007
,,0.009
,,0.014
,,0.020
,,0.030
,,0.045
,,0.065
,,0.098
,,0.147
,,0.213
,,0.295
,,0.382
,,0.470
,,0.539
,,0.606
,,0.670
,,0.731
,,0.793
,,0.862
,,0.928
,,0.963
,,0.995
,,1.030
,,1.065
,,1.109
,,1.137
,,1.137
,,1.147
,,1.156
,,1.164
,,1.168
,,1.172
,,1.176
,,1.179
,,1.182
,,1.185
,,1.187
,,1.189
,,1.193
,,1.196
,,1.196
,,1.199
,,1.199
,,1.202
,,1.205
,,1.206
,,1.207
,,1.209
,,1.211
,,1.213
,,1.215
,,1.217
,,1.217
,,1.219
,,1.221
,,1.223
,,1.225
,,1.223
,,1.224
,,1.223
,,1.223
,,1.221
,,1.222
,,1.222
,,1.222
,,1.220
,,1.221
,,1.218
,,1.219
,,1.218
,,1.218
,,1.215
,,1.212
,,1.212
,,1.207
,,1.200
,,1.193
,,1.187
,,1.179
,,1.173
,,1.165
,,1.148
,,1.108
,,1.070
,,1.048
,,1.030
,,1.012
,,0.993
,,0.978
,,0.965
,,0.948
,,0.929
,,0.892
,,0.804
,,0.752
,,0.707
,,0.655
,,0.603
,,0.563
,,0.518
,,0.477
,,0.447
,,0.422
,,0.397
,,0.379
,,0.361
,,0.343
,,0.332
,,0.316
,,0.305
,,0.296
,,0.285
,,0.276
,,0.266
,,0.257
,,0.246
,,0.236
,,0.226
,,0.217
,,0.210
,,0.202
,,0.192
,,0.184
,,0.178
,,0.171
,,0.165
,,0.158
,,0.151
,,0.148
,,0.144
,,0.142
,,0.138
,,0.134
,,0.131
,,0.128
,,0.125
,,0.120
,,0.116
,,0.114
,,0.110
,,0.107
,,0.103
,,0.099
,,0.096
,,0.094
,,0.089
,,0.088
,,0.083
,,0.081
,,0.078
,,0.075
,,0.071
,,0.068
,,0.068
,,0.064
,,0.063
,,0.060
,,0.059
,,0.055
,,0.055
,,0.052
,,0.051
,,0.048
,,0.048
,,0.047
,,0.046
,,0.046
,,0.044
,,0.041
,,0.040
,,0.040
,,0.037
,,0.037
,,0.037
,,0.035
,,0.033
,,0.031
,,0.031
,,0.030
,,0.030
,,0.026
,,0.025
,,0.025
,,0.021
,,0.022
,,0.021
,,0.018
,,0.016
,,0.012
,,0.010
,,0.007
,,0.005
,,0.005
,,0.002
,,0.003
,,0.004
,,0.003
,,0.002
,,0.004
,,0.005
,,0.006
,,0.010
,,0.014
,,0.021
,,0.029
,,0.045
,,0.065
,,0.100
,,0.152
,,0.217
,,0.300
,,0.387
,,0.475
,,0.543
,,0.608
,,0.673
,,0.732
,,0.793
,,0.862
,,0.928
,,0.963
,,0.996
,,1.031
,,1.065
,,1.107
,,1.133
,,1.137
,,1.146
,,1.156
,,1.163
,,1.168
,,1.172
,,1.174
,,1.176
,,1.178
,,1.183
,,1.184
,,1.187
,,1.190
,,1.191
,,1.194
,,1.195
,,1.198
,,1.199
,,1.202
,,1.202
,,1.206
,,1.207
,,1.210
,,1.210
,,1.212
,,1.213
,,1.214
,,1.217
,,1.220
,,1.221
,,1.222
,,1.223
,,1.221
,,1.224
,,1.221
,,1.221
,,1.220
,,1.220
,,1.219
,,1.219
,,1.219
,,1.217
,,1.216
,,1.216
,,1.215
,,1.213
,,1.214
,,1.209
,,1.207
,,1.199
,,1.189
,,1.185
,,1.180
,,1.170
,,1.164
,,1.147
,,1.105
,,1.065
,,1.042
,,1.025
,,1.006
,,0.990
,,0.979
,,0.961
,,0.943
,,0.923
,,0.870
,,0.786
,,0.743
,,0.692
,,0.641
,,0.594
,,0.552
,,0.506
,,0.467
,,0.439
,,0.411
,,0.389
,,0.371
,,0.355
,,0.341
,,0.327
,,0.314
,,0.304
,,0.296
,,0.286
,,0.278
,,0.268
,,0.259
,,0.247
,,0.236
,,0.227
,,0.218
,,0.210
,,0.202
,,0.192
,,0.185
,,0.177
,,0.171
,,0.165
,,0.160
,,0.154
,,0.149
,,0.145
,,0.142
,,0.138
,,0.135
,,0.132
,,0.127
,,0.127
,,0.121
,,0.117
,,0.113
,,0.110
,,0.105
,,0.104
,,0.100
,,0.097
,,0.097
,,0.091
,,0.088
,,0.085
,,0.082
,,0.078
,,0.077
,,0.074
,,0.071
,,0.068
,,0.067
,,0.064
,,0.060
,,0.058
,,0.056
,,0.055
,,0.052
,,0.052
,,0.049
,,0.049
,,0.047
,,0.044
,,0.045
,,0.044
,,0.040
,,0.041
,,0.039
,,0.039
,,0.039
,,0.037
,,0.035
,,0.032
,,0.034
,,0.031
,,0.031
,,0.030
,,0.028
,,0.028
,,0.026
,,0.026
,,0.022
,,0.019
,,0.018
,,0.016
,,0.012
,,0.009
,,0.007
,,0.005
,,0.003
,,0.002
,,0.002
,,0.002
,,0.002
,,0.003
,,0.003
,,0.002
,,0.006
,,0.007
,,0.012
,,0.019
,,0.030
,,0.045
,,0.066
,,0.102
,,0.153
,,0.222
,,0.308
,,0.391
,,0.474
,,0.542
,,0.609
,,0.672
,,0.731
,,0.793
,,0.860
,,0.928
,,0.964
,,0.994
,,1.028
,,1.065
,,1.109
,,1.134
,,1.138
,,1.145
,,1.154
,,1.163
,,1.167
,,1.170
,,1.172
,,1.175
,,1.178
,,1.182
,,1.184
,,1.186
,,1.188
,,1.191
,,1.193
,,1.196
,,1.198
,,1.200
,,1.200
,,1.203
,,1.206
,,1.206
,,1.209
,,1.210
,,1.211
,,1.214
,,1.216
,,1.216
,,1.218
,,1.220
,,1.221
,,1.220
,,1.221
,,1.221
,,1.221
,,1.220
,,1.222
,,1.220
,,1.219
,,1.219
,,1.216
,,1.217
,,1.215
,,1.214
,,1.213
,,1.211
,,1.209
,,1.208
,,1.203
,,1.195
,,1.188
,,1.185
,,1.177
,,1.169
,,1.162
,,1.139
,,1.101
,,1.065
,,1.041
,,1.024
,,1.004
,,0.992
,,0.975
,,0.957
,,0.943
,,0.920
,,0.861
,,0.783
,,0.738
,,0.691
,,0.638
,,0.589
,,0.546
,,0.500
,,0.463
,,0.432
,,0.407
,,0.386
,,0.371
,,0.353
,,0.336
,,0.323
,,0.312
,,0.302
,,0.293
,,0.282
,,0.273
,,0.262
,,0.253
,,0.244
,,0.235
,,0.224
,,0.215
,,0.207
,,0.199
,,0.192
,,0.184
,,0.177
,,0.169
,,0.164
,,0.158
,,0.152
,,0.148
,,0.144
,,0.140
,,0.135
,,0.131
,,0.129
,,0.127
,,0.121
,,0.120
,,0.116
,,0.112
,,0.109
,,0.107
,,0.100
,,0.099
,,0.096
,,0.095
,,0.094
,,0.089
,,0.087
,,0.082
,,0.079
,,0.077
,,0.074
,,0.072
,,0.069
,,0.067
,,0.065
,,0.062
,,0.060
,,0.057
,,0.056
,,0.055
,,0.051
,,0.052
,,0.051
,,0.047
,,0.046
,,0.047
,,0.044
,,0.045
,,0.043
,,0.042
,,0.041
,,0.038
,,0.039
,,0.036
,,0.035
,,0.035
,,0.034
,,0.033
,,0.032
,,0.029
,,0.029
,,0.026
,,0.025
,,0.023
,,0.021
,,0.020
,,0.016
,,0.014
,,0.012
,,0.009
,,0.007
,,0.007
,,0.004
,,0.004
,,0.005
,,0.005
,,0.006
,,0.006
,,0.006
,,0.007
,,0.011
,,0.016
,,0.022
,,0.033
,,0.048
,,0.069
,,0.107
,,0.157
,,0.223
,,0.305
,,0.391
,,0.475
,,0.542
,,0.608
,,0.673
,,0.734
,,0.795
,,0.864
,,0.931
,,0.967
,,0.997
,,1.030
,,1.068
,,1.111
,,1.132
,,1.135
,,1.145
,,1.153
,,1.162
,,1.166
,,1.172
,,1.174
,,1.176
,,1.178
,,1.182
,,1.184
,,1.188
,,1.188
,,1.192
,,1.193
,,1.196
,,1.198
,,1.199
,,1.202
,,1.202
,,1.203
,,1.207
,,1.208
,,1.211
,,1.211
,,1.214
,,1.215
,,1.216
,,1.219
,,1.219
,,1.220
,,1.221
,,1.221
,,1.220
,,1.220
,,1.220
,,1.220
,,1.220
,,1.216
,,1.219
,,1.217
,,1.215
,,1.216
,,1.215
,,1.214
,,1.213
,,1.210
,,1.210
,,1.203
,,1.199
,,1.188
,,1.185
,,1.178
,,1.171
,,1.163
,,1.143
,,1.105
,,1.067
,,1.041
,,1.024
,,1.004
,,0.988
,,0.975
,,0.959
,,0.942
,,0.919
,,0.861
,,0.782
,,0.740
,,0.689
,,0.637
,,0.590
,,0.546
,,0.498
,,0.462
,,0.433
,,0.407
,,0.389
,,0.371
,,0.358
,,0.343
,,0.330
,,0.318
,,0.308
,,0.298
,,0.287
,,0.280
,,0.270
,,0.260
,,0.254
,,0.241
,,0.234
,,0.223
,,0.215
,,0.206
,,0.199
,,0.190
,,0.182
,,0.175
,,0.168
,,0.164
,,0.157
,,0.152
,,0.148
,,0.146
,,0.142
,,0.138
,,0.133
,,0.132
,,0.128
,,0.125
,,0.119
,,0.118
,,0.113
,,0.111
,,0.107
,,0.103
,,0.100
,,0.099
,,0.095
,,0.092
,,0.089
,,0.086
,,0.082
,,0.080
,,0.076
,,0.073
,,0.071
,,0.069
,,0.065
,,0.065
,,0.062
,,0.059
,,0.057
,,0.056
,,0.055
,,0.053
,,0.051
,,0.050
,,0.050
,,0.047
,,0.046
,,0.046
,,0.046
,,0.043
,,0.043
,,0.041
,,0.039
,,0.039
,,0.036
,,0.037
,,0.035
,,0.034
,,0.033
,,0.033
,,0.029
,,0.029
,,0.026
,,0.025
,,0.023
,,0.022
,,0.018
,,0.017
,,0.014
,,0.009
,,0.008
,,0.006
,,0.006
,,0.006
,,0.005
,,0.004
,,0.006
,,0.008
,,0.008
,,0.009
,,0.013
,,0.017
,,0.024
,,0.034
,,0.050
,,0.071
,,0.108
,,0.160
,,0.231
,,0.316
,,0.397
,,0.479
,,0.544
,,0.613
,,0.675
,,0.735
,,0.798
,,0.866
,,0.934
,,0.968
,,0.998
,,1.033
,,1.070
,,1.114
,,1.132
,,1.135
,,1.145
,,1.153
,,1.163
,,1.167
,,1.171
,,1.175
,,1.179
,,1.181
,,1.182
,,1.185
,,1.188
,,1.191
,,1.193
,,1.195
,,1.195
,,1.197
,,1.199
,,1.203
,,1.204
,,1.207
,,1.208
,,1.210
,,1.212
,,1.213
,,1.214
,,1.217
,,1.217
,,1.221
,,1.221
,,1.222
,,1.221
,,1.222
,,1.223
,,1.221
,,1.222
,,1.221
,,1.222
,,1.220
,,1.221
,,1.217
,,1.217
,,1.217
,,1.216
,,1.215
,,1.213
,,1.212
,,1.208
,,1.203
,,1.197
,,1.189
,,1.184
,,1.178
,,1.170
,,1.162
,,1.140
,,1.103
,,1.065
,,1.042
,,1.025
,,1.006
,,0.991
,,0.974
,,0.960
,,0.942
,,0.920
,,0.862
,,0.782
,,0.739
,,0.687
,,0.634
,,0.591
,,0.547
,,0.500
,,0.463
,,0.435
,,0.409
,,0.386
,,0.371
,,0.354
,,0.340
,,0.327
,,0.317
,,0.305
,,0.295
,,0.285
,,0.276
,,0.269
,,0.257
,,0.248
,,0.238
,,0.229
,,0.220
,,0.209
,,0.201
,,0.196
,,0.186
,,0.179
,,0.174
,,0.168
,,0.162
,,0.155
,,0.151
,,0.146
,,0.142
,,0.138
,,0.136
,,0.132
,,0.129
,,0.124
,,0.120
,,0.117
,,0.115
,,0.111
,,0.107
,,0.105
,,0.102
,,0.099
,,0.097
,,0.094
,,0.092
,,0.090
,,0.085
,,0.082
,,0.079
,,0.075
,,0.073
,,0.071
,,0.067
,,0.066
,,0.064
,,0.061
,,0.057
,,0.057
,,0.053
,,0.052
,,0.050
,,0.050
,,0.049
,,0.045
,,0.046
,,0.044
,,0.044
,,0.042
,,0.040
,,0.042
,,0.040
,,0.039
,,0.037
,,0.036
,,0.036
,,0.036
,,0.035
,,0.032
,,0.031
,,0.029
,,0.027
,,0.027
,,0.026
,,0.023
,,0.020
,,0.017
,,0.016
,,0.014
,,0.010
,,0.008
,,0.006
,,0.006
,,0.006
,,0.004
,,0.004
,,0.005
,,0.006
,,0.008
,,0.009
,,0.012
,,0.017
,,0.025
,,0.035
,,0.050
,,0.073
,,0.111
,,0.163
,,0.233
,,0.317
,,0.399
,,0.481
,,0.545
,,0.613
,,0.676
,,0.737
,,0.797
,,0.868
,,0.933
,,0.965
,,0.997
,,1.033
,,1.068
,,1.116
,,1.133
,,1.135
,,1.145
,,1.154
,,1.162
,,1.166
,,1.169
,,1.174
,,1.176
,,1.179
,,1.182
,,1.184
,,1.187
,,1.188
,,1.191
,,1.191
,,1.194
,,1.198
,,1.197
,,1.200
,,1.201
,,1.203
,,1.205
,,1.208
,,1.209
,,1.212
,,1.213
,,1.214
,,1.218
,,1.219
,,1.220
,,1.220
,,1.220
,,1.222
,,1.221
,,1.220
,,1.219
,,1.222
,,1.218
,,1.219
,,1.218
,,1.217
,,1.218
,,1.215
,,1.215
,,1.212
,,1.212
,,1.210
,,1.208
,,1.203
,,1.195
,,1.187
,,1.182
,,1.177
,,1.167
,,1.159
,,1.137
,,1.096
,,1.061
,,1.040
,,1.024
,,1.004
,,0.987
,,0.975
,,0.956
,,0.940
,,0.916
,,0.844
,,0.772
,,0.730
,,0.682
,,0.628
,,0.582
,,0.538
,,0.490
,,0.457
,,0.428
,,0.403
,,0.385
,,0.367
,,0.351
,,0.336
,,0.324
,,0.314
,,0.300
,,0.293
,,0.284
,,0.275
,,0.263
,,0.255
,,0.244
,,0.234
,,0.225
,,0.215
,,0.206
,,0.198
,,0.188
,,0.180
,,0.174
,,0.168
,,0.163
,,0.156
,,0.151
,,0.148
,,0.144
,,0.140
,,0.136
,,0.134
,,0.130
,,0.128
,,0.122
,,0.120
,,0.116
,,0.113
,,0.109
,,0.107
,,0.102
,,0.101
,,0.097
,,0.093
,,0.092
,,0.089
,,0.088
,,0.085
,,0.081
,,0.078
,,0.075
,,0.072
,,0.069
,,0.068
,,0.065
,,0.064
,,0.062
,,0.058
,,0.056
,,0.054
,,0.053
,,0.052
,,0.049
,,0.048
,,0.049
,,0.046
,,0.047
,,0.045
,,0.043
,,0.044
,,0.040
,,0.041
,,0.037
,,0.038
,,0.037
,,0.034
,,0.034
,,0.032
,,0.032
,,0.029
,,0.028
,,0.028
,,0.027
,,0.026
,,0.024
,,0.021
,,0.020
,,0.017
,,0.014
,,0.011
,,0.009
,,0.008
,,0.005
,,0.006
,,0.008
,,0.007
,,0.006
,,0.007
,,0.008
,,0.011
,,0.015
,,0.018
,,0.026
,,0.036
,,0.053
,,0.075
,,0.114
,,0.164
,,0.234
,,0.320
,,0.400
,,0.483
,,0.549
,,0.615
,,0.680
,,0.740
,,0.800
,,0.870
,,0.938
,,0.971
,,1.000
,,1.035
,,1.074
,,1.118
,,1.133
,,1.138
,,1.147
,,1.156
,,1.164
,,1.169
,,1.170
,,1.174
,,1.177
,,1.180
,,1.182
,,1.184
,,1.187
,,1.192
,,1.192
,,1.195
,,1.195
,,1.197
,,1.199
,,1.201
,,1.203
,,1.207
,,1.208
,,1.208
,,1.210
,,1.213
,,1.214
,,1.216
,,1.218
,,1.218
,,1.222
,,1.221
,,1.222
,,1.220
,,1.221
,,1.222
,,1.220
,,1.221
,,1.220
,,1.220
,,1.220
,,1.217
,,1.218
,,1.217
,,1.216
,,1.214
,,1.212
,,1.213
,,1.209
,,1.202
,,1.193
,,1.189
,,1.184
,,1.175
,,1.169
,,1.161
,,1.138
,,1.103
,,1.064
,,1.041
,,1.022
,,1.004
,,0.987
,,0.974
,,0.956
,,0.939
,,0.914
,,0.843
,,0.772
,,0.730
,,0.681
,,0.626
,,0.581
,,0.535
,,0.489
,,0.455
,,0.427
,,0.403
,,0.385
,,0.367
,,0.350
,,0.336
,,0.324
,,0.311
,,0.302
,,0.294
,,0.285
,,0.275
,,0.267
,,0.257
,,0.246
,,0.239
,,0.228
,,0.215
,,0.209
,,0.200
,,0.190
,,0.184
,,0.178
,,0.169
,,0.165
,,0.158
,,0.153
,,0.149
,,0.145
,,0.141
,,0.137
,,0.133
,,0.129
,,0.127
,,0.122
,,0.120
,,0.114
,,0.111
,,0.109
,,0.106
,,0.102
,,0.100
,,0.097
,,0.091
,,0.089
,,0.086
,,0.082
,,0.081
,,0.077
,,0.076
,,0.072
,,0.071
,,0.069
,,0.067
,,0.063
,,0.062
,,0.060
,,0.057
,,0.058
,,0.056
,,0.054
,,0.049
,,0.050
,,0.051
,,0.048
,,0.047
,,0.046
,,0.046
,,0.044
,,0.043
,,0.043
,,0.041
,,0.041
,,0.039
,,0.039
,,0.038
,,0.035
,,0.034
,,0.033
,,0.031
,,0.030
,,0.029
,,0.027
,,0.025
,,0.024
,,0.022
,,0.020
,,0.017
,,0.013
,,0.011
,,0.009
,,0.010
,,0.007
,,0.008
,,0.007
,,0.008
,,0.009
,,0.009
,,0.010
,,0.012
,,0.014
,,0.020
,,0.027
,,0.040
,,0.056
,,0.078
,,0.118
,,0.168
,,0.240
,,0.325
,,0.406
,,0.488
,,0.551
,,0.619
,,0.682
,,0.744
,,0.805
,,0.875
,,0.941
,,0.973
,,1.003
,,1.038
,,1.076
,,1.122
,,1.134
,,1.139
,,1.149
,,1.158
,,1.164
,,1.170
,,1.174
,,1.179
,,1.179
,,1.183
,,1.184
,,1.188
,,1.191
,,1.192
,,1.195
,,1.196
,,1.199
,,1.199
,,1.203
,,1.203
,,1.206
,,1.207
,,1.210
,,1.212
,,1.213
,,1.216
,,1.216
,,1.217
,,1.219
,,1.220
,,1.223
,,1.224
,,1.223
,,1.224
,,1.224
,,1.223
,,1.221
,,1.222
,,1.222
,,1.222
,,1.220
,,1.220
,,1.219
,,1.219
,,1.218
,,1.215
,,1.217
,,1.213
,,1.209
,,1.204
,,1.195
,,1.189
,,1.183
,,1.177
,,1.167
,,1.159
,,1.134
,,1.092
,,1.061
,,1.037
,,1.020
,,1.003
,,0.987
,,0.971
,,0.956
,,0.939
,,0.912
,,0.836
,,0.771
,,0.728
,,0.679
,,0.625
,,0.581
,,0.535
,,0.488
,,0.453
,,0.426
,,0.401
,,0.384
,,0.368
,,0.351
,,0.338
,,0.327
,,0.315
,,0.305
,,0.295
,,0.286
,,0.276
,,0.268
,,0.259
,,0.249
,,0.239
,,0.228
,,0.219
,,0.209
,,0.203
,,0.194
,,0.187
,,0.181
,,0.173
,,0.168
,,0.162
,,0.156
,,0.153
,,0.146
,,0.143
,,0.139
,,0.137
,,0.134
,,0.129
,,0.125
,,0.123
,,0.118
,,0.115
,,0.110
,,0.110
,,0.105
,,0.103
,,0.101
,,0.099
,,0.095
,,0.093
,,0.089
,,0.088
,,0.085
,,0.081
,,0.077
,,0.075
,,0.071
,,0.070
,,0.067
,,0.065
,,0.065
,,0.062
,,0.059
,,0.057
,,0.058
,,0.055
,,0.053
,,0.053
,,0.052
,,0.051
,,0.049
,,0.047
,,0.047
,,0.046
,,0.044
,,0.045
,,0.045
,,0.042
,,0.042
,,0.041
,,0.039
,,0.039
,,0.039
,,0.036
,,0.034
,,0.036
,,0.033
,,0.030
,,0.029
,,0.025
,,0.023
,,0.019
,,0.017
,,0.014
,,0.011
,,0.011
,,0.009
,,0.008
,,0.008
,,0.009
,,0.008
,,0.008
,,0.012
,,0.013
,,0.016
,,0.022
,,0.028
,,0.040
,,0.056
,,0.082
,,0.122
,,0.176
,,0.247
,,0.331
,,0.410
,,0.489
,,0.554
,,0.621
,,0.686
,,0.748
,,0.808
,,0.877
,,0.943
,,0.974
,,1.004
,,1.039
,,1.078
,,1.123
,,1.133
,,1.139
,,1.148
,,1.157
,,1.165
,,1.169
,,1.174
,,1.176
,,1.179
,,1.182
,,1.184
,,1.186
,,1.190
,,1.189
,,1.194
,,1.196
,,1.198
,,1.200
,,1.202
,,1.205
,,1.207
,,1.206
,,1.209
,,1.210
,,1.211
,,1.213
,,1.216
,,1.217
,,1.219
,,1.220
,,1.223
,,1.225
,,1.225
,,1.224
,,1.224
,,1.223
,,1.223
,,1.223
,,1.222
,,1.220
,,1.223
,,1.219
,,1.218
,,1.219
,,1.217
,,1.216
,,1.214
,,1.214
,,1.209
,,1.202
,,1.195
,,1.190
,,1.181
,,1.174
,,1.169
,,1.158
,,1.134
,,1.095
,,1.059
,,1.040
,,1.022
,,1.004
,,0.987
,,0.972
,,0.958
,,0.940
,,0.913
,,0.839
,,0.769
,,0.727
,,0.678
,,0.623
,,0.579
,,0.532
,,0.486
,,0.451
,,0.426
,,0.401
,,0.383
,,0.367
,,0.351
,,0.337
,,0.324
,,0.315
,,0.303
,,0.294
,,0.285
,,0.275
,,0.265
,,0.257
,,0.246
,,0.237
,,0.226
,,0.216
,,0.209
,,0.198
,,0.192
,,0.184
,,0.179
,,0.172
,,0.166
,,0.161
,,0.155
,,0.151
,,0.147
,,0.143
,,0.139
,,0.134
,,0.132
,,0.128
,,0.125
,,0.120
,,0.118
,,0.112
,,0.111
,,0.108
,,0.105
,,0.101
,,0.098
,,0.096
,,0.092
,,0.088
,,0.083
,,0.083
,,0.078
,,0.076
,,0.073
,,0.071
,,0.068
,,0.067
,,0.065
,,0.063
,,0.061
,,0.059
,,0.056
,,0.056
,,0.053
,,0.054
,,0.051
,,0.051
,,0.049
,,0.048
,,0.046
,,0.045
,,0.044
,,0.045
,,0.042
,,0.043
,,0.042
,,0.040
,,0.039
,,0.038
,,0.037
,,0.035
,,0.034
,,0.031
,,0.030
,,0.029
,,0.029
,,0.026
,,0.024
,,0.023
,,0.021
,,0.017
,,0.015
,,0.014
,,0.012
,,0.009
,,0.010
,,0.007
,,0.007
,,0.007
,,0.008
,,0.009
,,0.010
,,0.015
,,0.015
,,0.020
,,0.027
,,0.038
,,0.055
,,0.080
,,0.121
,,0.175
,,0.246
,,0.331
,,0.411
,,0.493
,,0.554
,,0.623
,,0.687
,,0.750
,,0.810
,,0.881
,,0.945
,,0.977
,,1.007
,,1.042
,,1.082
,,1.121
,,1.131
,,1.137
,,1.149
,,1.157
,,1.164
,,1.169
,,1.172
,,1.175
,,1.178
,,1.181
,,1.184
,,1.185
,,1.189
,,1.189
,,1.193
,,1.195
,,1.197
,,1.200
,,1.201
,,1.204
,,1.205
,,1.206
,,1.209
,,1.209
,,1.212
,,1.212
,,1.215
,,1.219
,,1.218
,,1.220
,,1.221
,,1.224
,,1.224
,,1.223
,,1.222
,,1.223
,,1.223
,,1.223
,,1.221
,,1.221
,,1.220
,,1.219
,,1.220
,,1.219
,,1.217
,,1.215
,,1.215
,,1.213
,,1.207
,,1.201
,,1.194
,,1.189
,,1.182
,,1.175
,,1.167
,,1.155
,,1.121
,,1.084
,,1.055
,,1.035
,,1.020
,,1.002
,,0.986
,,0.970
,,0.953
,,0.935
,,0.908
,,0.832
,,0.768
,,0.726
,,0.673
,,0.621
,,0.577
,,0.532
,,0.482
,,0.448
,,0.423
,,0.399
,,0.381
,,0.364
,,0.350
,,0.336
,,0.323
,,0.311
,,0.302
,,0.292
,,0.283
,,0.273
,,0.264
,,0.253
,,0.244
,,0.233
,,0.222
,,0.213
,,0.203
,,0.196
,,0.188
,,0.184
,,0.175
,,0.170
,,0.163
,,0.157
,,0.153
,,0.148
,,0.144
,,0.141
,,0.137
,,0.134
,,0.131
,,0.128
,,0.123
,,0.119
,,0.115
,,0.112
,,0.111
,,0.106
,,0.104
,,0.100
,,0.098
,,0.096
,,0.094
,,0.090
,,0.086
,,0.082
,,0.081
,,0.078
,,0.077
,,0.074
,,0.071
,,0.068
,,0.067
,,0.065
,,0.064
,,0.059
,,0.058
,,0.057
,,0.054
,,0.052
,,0.053
,,0.050
,,0.052
,,0.048
,,0.047
,,0.046
,,0.047
,,0.044
,,0.044
,,0.043
,,0.042
,,0.040
,,0.039
,,0.039
,,0.038
,,0.039
,,0.035
,,0.036
,,0.032
,,0.030
,,0.029
,,0.026
,,0.026
,,0.023
,,0.020
,,0.018
,,0.016
,,0.012
,,0.010
,,0.010
,,0.007
,,0.008
,,0.007
,,0.007
,,0.006
,,0.008
,,0.011
,,0.012
,,0.014
,,0.020
,,0.028
,,0.039
,,0.057
,,0.081
,,0.125
,,0.178
,,0.252
,,0.334
,,0.413
,,0.492
,,0.558
,,0.628
,,0.690
,,0.751
,,0.814
,,0.884
,,0.946
,,0.974
,,1.010
,,1.042
,,1.082
,,1.123
,,1.129
,,1.135
,,1.146
,,1.156
,,1.163
,,1.168
,,1.169
,,1.173
,,1.180
,,1.180
,,1.184
,,1.185
,,1.187
,,1.190
,,1.192
,,1.193
,,1.196
,,1.197
,,1.199
,,1.201
,,1.203
,,1.204
,,1.206
,,1.209
,,1.210
,,1.211
,,1.213
,,1.216
,,1.218
,,1.219
,,1.220
,,1.221
,,1.221
,,1.222
,,1.220
,,1.222
,,1.222
,,1.220
,,1.220
,,1.218
,,1.218
,,1.216
,,1.216
,,1.218
,,1.216
,,1.214
,,1.214
,,1.213
,,1.208
,,1.202
,,1.190
,,1.187
,,1.179
,,1.176
,,1.166
,,1.150
,,1.123
,,1.084
,,1.054
,,1.034
,,1.017
,,0.998
,,0.984
,,0.970
,,0.954
,,0.939
,,0.911
,,0.835
,,0.767
,,0.725
,,0.674
,,0.621
,,0.574
,,0.529
,,0.482
,,0.450
,,0.418
,,0.398
,,0.380
,,0.362
,,0.347
,,0.333
,,0.321
,,0.309
,,0.301
,,0.291
,,0.281
,,0.273
,,0.267
,,0.256
,,0.243
,,0.233
,,0.223
,,0.212
,,0.206
,,0.196
,,0.188
,,0.182
,,0.176
,,0.169
,,0.162
,,0.157
,,0.151
,,0.147
,,0.144
,,0.138
,,0.136
,,0.132
,,0.128
,,0.124
,,0.121
,,0.115
,,0.112
,,0.108
,,0.106
,,0.103
,,0.099
,,0.096
,,0.093
,,0.090
,,0.087
,,0.086
,,0.079
,,0.078
,,0.074
,,0.071
,,0.068
,,0.066
,,0.065
,,0.062
,,0.061
,,0.058
,,0.055
,,0.055
,,0.054
,,0.052
,,0.051
,,0.050
,,0.049
,,0.049
,,0.046
,,0.045
,,0.046
,,0.046
,,0.044
,,0.042
,,0.040
,,0.042
,,0.040
,,0.040
,,0.037
,,0.037
,,0.034
,,0.032
,,0.030
,,0.029
,,0.030
,,0.027
,,0.027
,,0.027
,,0.024
,,0.023
,,0.019
,,0.018
,,0.015
,,0.013
,,0.009
,,0.009
,,0.008
,,0.007
,,0.006
,,0.007
,,0.007
,,0.008
,,0.009
,,0.012
,,0.015
,,0.020
,,0.028
,,0.039
,,0.057
,,0.082
,,0.125
,,0.177
,,0.253
,,0.336
,,0.416
,,0.495
,,0.559
,,0.627
,,0.690
,,0.752
,,0.813
,,0.887
,,0.949
,,0.980
,,1.013
,,1.043
,,1.084
,,1.122
,,1.128
,,1.135
,,1.145
,,1.154
,,1.162
,,1.165
,,1.169
,,1.173
,,1.177
,,1.179
,,1.181
,,1.183
,,1.186
,,1.189
,,1.191
,,1.194
,,1.195
,,1.196
,,1.200
,,1.201
,,1.201
,,1.205
,,1.206
,,1.207
,,1.209
,,1.210
,,1.213
,,1.214
,,1.216
,,1.217
,,1.220
,,1.221
,,1.222
,,1.222
,,1.220
,,1.221
,,1.219
,,1.221
,,1.218
,,1.218
,,1.219
,,1.217
,,1.216
,,1.217
,,1.215
,,1.214
,,1.213
,,1.212
,,1.209
,,1.201
,,1.193
,,1.186
,,1.181
,,1.174
,,1.166
,,1.153
,,1.120
,,1.083
,,1.055
,,1.034
,,1.015
,,0.999
,,0.984
,,0.969
,,0.954
,,0.936
,,0.910
,,0.833
,,0.762
,,0.721
,,0.670
,,0.618
,,0.572
,,0.525
,,0.476
,,0.443
,,0.411
,,0.392
,,0.373
,,0.360
,,0.345
,,0.331
,,0.321
,,0.309
,,0.297
,,0.289
,,0.280
,,0.271
,,0.261
,,0.252
,,0.242
,,0.231
,,0.219
,,0.211
,,0.201
,,0.194
,,0.185
,,0.180
,,0.174
,,0.167
,,0.161
,,0.155
,,0.150
,,0.147
,,0.142
,,0.138
,,0.133
,,0.131
,,0.127
,,0.122
,,0.118
,,0.115
,,0.109
,,0.106
,,0.105
,,0.102
,,0.098
,,0.096
,,0.094
,,0.092
,,0.087
,,0.085
,,0.082
,,0.077
,,0.074
,,0.073
,,0.070
,,0.067
,,0.065
,,0.063
,,0.060
,,0.059
,,0.056
,,0.054
,,0.053
,,0.050
,,0.052
,,0.050
,,0.048
,,0.048
,,0.047
,,0.046
,,0.046
,,0.043
,,0.043
,,0.040
,,0.041
,,0.040
,,0.038
,,0.035
,,0.035
,,0.030
,,0.032
,,0.031
,,0.030
,,0.029
,,0.026
,,0.026
,,0.025
,,0.023
,,0.021
,,0.020
,,0.019
,,0.017
,,0.014
,,0.014
,,0.010
,,0.008
,,0.006
,,0.006
,,0.007
,,0.006
,,0.008
,,0.008
,,0.010
,,0.013
,,0.015
,,0.021
,,0.029
,,0.041
,,0.057
,,0.084
,,0.125
,,0.182
,,0.255
,,0.336
,,0.418
,,0.497
,,0.562
,,0.631
,,0.695
,,0.755
,,0.815
,,0.888
,,0.951
,,0.981
,,1.012
,,1.045
,,1.087
,,1.126
,,1.129
,,1.138
,,1.145
,,1.155
,,1.162
,,1.166
,,1.170
,,1.175
,,1.177
,,1.180
,,1.184
,,1.185
,,1.188
,,1.189
,,1.193
,,1.195
,,1.196
,,1.199
,,1.200
,,1.201
,,1.204
,,1.206
,,1.207
,,1.209
,,1.211
,,1.212
,,1.213
,,1.215
,,1.217
,,1.218
,,1.219
,,1.220
,,1.220
,,1.220
,,1.221
,,1.222
,,1.219
,,1.219
,,1.220
,,1.219
,,1.219
,,1.217
,,1.217
,,1.214
,,1.214
,,1.213
,,1.210
,,1.209
,,1.205
,,1.197
,,1.189
,,1.186
,,1.179
,,1.174
,,1.166
,,1.153
,,1.121
,,1.082
,,1.052
,,1.034
,,1.015
,,0.997
,,0.982
,,0.968
,,0.952
,,0.934
,,0.902
,,0.822
,,0.760
,,0.715
,,0.663
,,0.612
,,0.565
,,0.515
,,0.471
,,0.438
,,0.406
,,0.389
,,0.371
,,0.355
,,0.342
,,0.329
,,0.317
,,0.305
,,0.296
,,0.285
,,0.274
,,0.268
,,0.259
,,0.249
,,0.237
,,0.227
,,0.217
,,0.207
,,0.199
,,0.190
,,0.183
,,0.176
,,0.170
,,0.164
,,0.157
,,0.152
,,0.148
,,0.145
,,0.140
,,0.135
,,0.132
,,0.126
,,0.123
,,0.119
,,0.113
,,0.111
,,0.108
,,0.104
,,0.101
,,0.097
,,0.097
,,0.092
,,0.092
,,0.089
,,0.087
,,0.084
,,0.080
,,0.077
,,0.073
,,0.071
,,0.070
,,0.067
,,0.063
,,0.061
,,0.060
,,0.060
,,0.058
,,0.054
,,0.055
,,0.055
,,0.050
,,0.049
,,0.048
,,0.049
,,0.047
,,0.045
,,0.046
,,0.042
,,0.043
,,0.042
,,0.041
,,0.041
,,0.038
,,0.036
,,0.034
,,0.033
,,0.032
,,0.030
,,0.030
,,0.029
,,0.028
,,0.027
,,0.025
,,0.026
,,0.025
,,0.023
,,0.020
,,0.018
,,0.017
,,0.014
,,0.012
,,0.010
,,0.009
,,0.009
,,0.010
,,0.007
,,0.011
,,0.011
,,0.011
,,0.014
,,0.017
,,0.023
,,0.031
,,0.042
,,0.060
,,0.088
,,0.129
,,0.185
,,0.259
,,0.341
,,0.421
,,0.498
,,0.563
,,0.635
,,0.697
,,0.758
,,0.821
,,0.894
,,0.956
,,0.983
,,1.017
,,1.050
,,1.092
,,1.126
,,1.130
,,1.138
,,1.145
,,1.157
,,1.165
,,1.168
,,1.172
,,1.175
,,1.178
,,1.180
,,1.184
,,1.187
,,1.189
,,1.191
,,1.193
,,1.196
,,1.198
,,1.202
,,1.201
,,1.205
,,1.206
,,1.206
,,1.207
,,1.211
,,1.211
,,1.215
,,1.217
,,1.216
,,1.220
,,1.221
,,1.221
,,1.225
,,1.222
,,1.222
,,1.223
,,1.222
,,1.222
,,1.222
,,1.220
,,1.221
,,1.222
,,1.219
,,1.219
,,1.216
,,1.216
,,1.215
,,1.214
,,1.213
,,1.207
,,1.200
,,1.192
,,1.187
,,1.180
,,1.177
,,1.169
,,1.154
,,1.117
,,1.081
,,1.054
,,1.037
,,1.017
,,0.999
,,0.983
,,0.969
,,0.952
,,0.931
,,0.890
,,0.806
,,0.758
,,0.710
,,0.657
,,0.605
,,0.561
,,0.509
,,0.464
,,0.433
,,0.404
,,0.385
,,0.369
,,0.354
,,0.339
,,0.327
,,0.313
,,0.303
,,0.295
,,0.285
,,0.275
,,0.266
,,0.254
,,0.244
,,0.233
,,0.223
,,0.213
,,0.204
,,0.195
,,0.187
,,0.179
,,0.174
,,0.167
,,0.160
,,0.155
,,0.151
,,0.147
,,0.144
,,0.140
,,0.137
,,0.132
,,0.128
,,0.123
,,0.119
,,0.116
,,0.111
,,0.108
,,0.106
,,0.104
,,0.100
,,0.097
,,0.095
,,0.093
,,0.090
,,0.088
,,0.086
,,0.082
,,0.078
,,0.076
,,0.072
,,0.071
,,0.066
,,0.064
,,0.064
,,0.061
,,0.059
,,0.057
,,0.057
,,0.055
,,0.054
,,0.052
,,0.052
,,0.049
,,0.049
,,0.047
,,0.046
,,0.045
,,0.045
,,0.044
,,0.042
,,0.040
,,0.039
,,0.038
,,0.037
,,0.033
,,0.033
,,0.033
,,0.032
,,0.029
,,0.029
,,0.028
,,0.029
,,0.027
,,0.026
,,0.023
,,0.022
,,0.020
,,0.018
,,0.015
,,0.015
,,0.013
,,0.012
,,0.011
,,0.009
,,0.009
,,0.009
,,0.009
,,0.012
,,0.013
,,0.015
,,0.020
,,0.024
,,0.031
,,0.044
,,0.060
,,0.087
,,0.132
,,0.188
,,0.260
,,0.342
,,0.424
,,0.499
,,0.566
,,0.634
,,0.700
,,0.761
,,0.824
,,0.897
,,0.957
,,0.986
,,1.019
,,1.051
,,1.092
,,1.130
,,1.131
,,1.137
,,1.149
,,1.158
,,1.164
,,1.170
,,1.173
,,1.176
,,1.181
,,1.183
,,1.184
,,1.186
,,1.192
,,1.192
,,1.193
,,1.197
,,1.199
,,1.200
,,1.202
,,1.204
,,1.206
,,1.208
,,1.208
,,1.211
,,1.212
,,1.215
,,1.217
,,1.220
,,1.219
,,1.221
,,1.223
,,1.224
,,1.224
,,1.224
,,1.225
,,1.223
,,1.223
,,1.224
,,1.222
,,1.223
,,1.221
,,1.221
,,1.219
,,1.219
,,1.218
,,1.217
,,1.216
,,1.212
,,1.207
,,1.199
,,1.192
,,1.189
,,1.181
,,1.175
,,1.167
,,1.148
,,1.116
,,1.081
,,1.050
,,1.034
,,1.017
,,0.999
,,0.984
,,0.970
,,0.951
,,0.933
,,0.900
,,0.812
,,0.758
,,0.712
,,0.660
,,0.608
,,0.561
,,0.510
,,0.466
,,0.432
,,0.402
,,0.386
,,0.371
,,0.351
,,0.337
,,0.327
,,0.314
,,0.302
,,0.292
,,0.283
,,0.275
,,0.264
,,0.255
,,0.243
,,0.234
,,0.222
,,0.210
,,0.201
,,0.193
,,0.186
,,0.178
,,0.172
,,0.166
,,0.158
,,0.155
,,0.149
,,0.144
,,0.140
,,0.136
,,0.132
,,0.125
,,0.124
,,0.119
,,0.113
,,0.109
,,0.106
,,0.102
,,0.099
,,0.098
,,0.096
,,0.094
,,0.091
,,0.089
,,0.086
,,0.081
,,0.078
,,0.075
,,0.073
,,0.069
,,0.067
,,0.064
,,0.061
,,0.060
,,0.059
,,0.057
,,0.055
,,0.054
,,0.051
,,0.052
,,0.049
,,0.048
,,0.046
,,0.046
,,0.044
,,0.044
,,0.041
,,0.043
,,0.041
,,0.040
,,0.036
,,0.034
,,0.033
,,0.031
,,0.032
,,0.030
,,0.029
,,0.030
,,0.027
,,0.027
,,0.025
,,0.024
,,0.025
,,0.024
,,0.023
,,0.023
,,0.019
,,0.018
,,0.016
,,0.013
,,0.013
,,0.009
,,0.009
,,0.007
,,0.007
,,0.008
,,0.009
,,0.008
,,0.009
,,0.011
,,0.013
,,0.015
,,0.023
,,0.031
,,0.041
,,0.060
,,0.085
,,0.132
,,0.187
,,0.261
,,0.343
,,0.426
,,0.503
,,0.569
,,0.639
,,0.702
,,0.764
,,0.828
,,0.900
,,0.958
,,0.987
,,1.018
,,1.050
,,1.093
,,1.128
,,1.129
,,1.138
,,1.145
,,1.157
,,1.163
,,1.167
,,1.171
,,1.175
,,1.176
,,1.180
,,1.182
,,1.184
,,1.186
,,1.189
,,1.193
,,1.194
,,1.196
,,1.199
,,1.199
,,1.202
,,1.205
,,1.206
,,1.208
,,1.207
,,1.211
,,1.212
,,1.214
,,1.218
,,1.219
,,1.219
,,1.219
,,1.221
,,1.223
,,1.221
,,1.223
,,1.222
,,1.221
,,1.220
,,1.221
,,1.219
,,1.220
,,1.219
,,1.215
,,1.217
,,1.215
,,1.214
,,1.213
,,1.209
,,1.205
,,1.199
,,1.190
,,1.188
,,1.176
,,1.173
,,1.164
,,1.148
,,1.112
,,1.076
,,1.049
,,1.031
,,1.016
,,0.998
,,0.981
,,0.966
,,0.950
,,0.931
,,0.887
,,0.800
,,0.754
,,0.704
,,0.652
,,0.601
,,0.553
,,0.502
,,0.458
,,0.427
,,0.397
,,0.379
,,0.364
,,0.349
,,0.332
,,0.320
,,0.308
,,0.298
,,0.288
,,0.278
,,0.270
,,0.258
,,0.246
,,0.235
,,0.222
,,0.211
,,0.202
,,0.193
,,0.186
,,0.178
,,0.171
,,0.164
,,0.157
,,0.153
,,0.150
,,0.145
,,0.138
,,0.136
,,0.132
,,0.127
,,0.121
,,0.117
,,0.113
,,0.108
,,0.106
,,0.104
,,0.100
,,0.097
,,0.097
,,0.094
,,0.091
,,0.088
,,0.084
,,0.082
,,0.078
,,0.076
,,0.073
,,0.069
,,0.068
,,0.065
,,0.062
,,0.060
,,0.060
,,0.059
,,0.054
,,0.054
,,0.053
,,0.052
,,0.049
,,0.050
,,0.048
,,0.046
,,0.046
,,0.045
,,0.044
,,0.043
,,0.041
,,0.040
,,0.038
,,0.037
,,0.034
,,0.033
,,0.034
,,0.032
,,0.031
,,0.030
,,0.029
,,0.029
,,0.026
,,0.027
,,0.024
,,0.025
,,0.024
,,0.023
,,0.023
,,0.020
,,0.018
,,0.017
,,0.014
,,0.012
,,0.012
,,0.007
,,0.009
,,0.008
,,0.009
,,0.007
,,0.010
,,0.010
,,0.011
,,0.014
,,0.017
,,0.023
,,0.033
,,0.043
,,0.062
,,0.089
,,0.133
,,0.187
,,0.262
,,0.344
,,0.428
,,0.503
,,0.571
,,0.641
,,0.703
,,0.766
,,0.830
,,0.903
,,0.961
,,0.989
,,1.019
,,1.051
,,1.096
,,1.127
,,1.128
,,1.137
,,1.146
,,1.154
,,1.162
,,1.166
,,1.171
,,1.174
,,1.178
,,1.180
,,1.182
,,1.185
,,1.187
,,1.191
,,1.193
,,1.195
,,1.197
,,1.198
,,1.199
,,1.202
,,1.206
,,1.208
,,1.208
,,1.210
,,1.211
,,1.211
,,1.215
,,1.215
,,1.218
,,1.219
,,1.220
,,1.222
,,1.221
,,1.222
,,1.222
,,1.220
,,1.222
,,1.221
,,1.221
,,1.220
,,1.218
,,1.216
,,1.218
,,1.216
,,1.216
,,1.214
,,1.213
,,1.209
,,1.203
,,1.196
,,1.188
,,1.185
,,1.177
,,1.171
,,1.164
,,1.141
,,1.111
,,1.073
,,1.045
,,1.029
,,1.010
,,0.994
,,0.978
,,0.965
,,0.948
,,0.928
,,0.888
,,0.801
,,0.750
,,0.705
,,0.650
,,0.599
,,0.552
,,0.500
,,0.456
,,0.424
,,0.398
,,0.380
,,0.363
,,0.346
,,0.331
,,0.318
,,0.307
,,0.294
,,0.285
,,0.277
,,0.267
,,0.255
,,0.245
,,0.232
,,0.219
,,0.209
,,0.202
,,0.192
,,0.184
,,0.176
,,0.170
,,0.164
,,0.158
,,0.151
,,0.148
,,0.143
,,0.140
,,0.133
,,0.129
,,0.125
,,0.119
,,0.115
,,0.112
,,0.108
,,0.105
,,0.101
,,0.099
,,0.097
,,0.093
,,0.091
,,0.088
,,0.087
,,0.083
,,0.079
,,0.075
,,0.073
,,0.070
,,0.067
,,0.067
,,0.065
,,0.062
,,0.060
,,0.058
,,0.057
,,0.055
,,0.053
,,0.052
,,0.051
,,0.051
,,0.050
,,0.047
,,0.047
,,0.046
,,0.043
,,0.041
,,0.039
,,0.039
,,0.037
,,0.036
,,0.035
,,0.034
,,0.033
,,0.031
,,0.031
,,0.030
,,0.028
,,0.029
,,0.028
,,0.029
,,0.026
,,0.025
,,0.023
,,0.022
,,0.023
,,0.021
,,0.019
,,0.018
,,0.016
,,0.015
,,0.011
,,0.010
,,0.009
,,0.010
,,0.010
,,0.009
,,0.009
,,0.010
,,0.011
,,0.013
,,0.013
,,0.019
,,0.024
,,0.032
,,0.045
,,0.062
,,0.090
,,0.133
,,0.189
,,0.263
,,0.346
,,0.427
,,0.506
,,0.574
,,0.643
,,0.708
,,0.768
,,0.833
,,0.907
,,0.963
,,0.989
,,1.018
,,1.053
,,1.097
,,1.128
,,1.128
,,1.136
,,1.144
,,1.154
,,1.163
,,1.168
,,1.168
,,1.173
,,1.176
,,1.179
,,1.180
,,1.183
,,1.186
,,1.189
,,1.192
,,1.194
,,1.195
,,1.198
,,1.199
,,1.202
,,1.203
,,1.204
,,1.205
,,1.209
,,1.210
,,1.212
,,1.212
,,1.216
,,1.217
,,1.219
,,1.221
,,1.221
,,1.223
,,1.222
,,1.221
,,1.220
,,1.219
,,1.219
,,1.218
,,1.221
,,1.217
,,1.217
,,1.215
,,1.215
,,1.214
,,1.214
,,1.212
,,1.210
,,1.203
,,1.195
,,1.191
,,1.184
,,1.178
,,1.172
,,1.161
,,1.135
,,1.107
,,1.070
,,1.044
,,1.029
,,1.010
,,0.994
,,0.977
,,0.964
,,0.945
,,0.925
,,0.872
,,0.790
,,0.744
,,0.697
,,0.640
,,0.590
,,0.543
,,0.486
,,0.447
,,0.417
,,0.389
,,0.372
,,0.357
,,0.341
,,0.326
,,0.315
,,0.303
,,0.293
,,0.284
,,0.272
,,0.263
,,0.254
,,0.242
,,0.230
,,0.220
,,0.207
,,0.199
,,0.188
,,0.180
,,0.173
,,0.168
,,0.161
,,0.157
,,0.152
,,0.145
,,0.142
,,0.137
,,0.132
,,0.129
,,0.122
,,0.117
,,0.111
,,0.108
,,0.106
,,0.099
,,0.099
,,0.098
,,0.095
,,0.091
,,0.089
,,0.085
,,0.083
,,0.077
,,0.074
,,0.072
,,0.069
,,0.068
,,0.066
,,0.062
,,0.061
,,0.059
,,0.059
,,0.055
,,0.055
,,0.054
,,0.051
,,0.051
,,0.049
,,0.047
,,0.047
,,0.044
,,0.041
,,0.040
,,0.039
,,0.036
,,0.035
,,0.035
,,0.034
,,0.033
,,0.031
,,0.029
,,0.029
,,0.028
,,0.027
,,0.027
,,0.027
,,0.025
,,0.025
,,0.025
,,0.024
,,0.023
,,0.023
,,0.023
,,0.023
,,0.018
,,0.019
,,0.016
,,0.014
,,0.013
,,0.012
,,0.010
,,0.011
,,0.009
,,0.009
,,0.009
,,0.010
,,0.007
,,0.008
,,0.011
,,0.013
,,0.018
,,0.023
,,0.031
,,0.045
,,0.061
,,0.089
,,0.132
,,0.189
,,0.263
,,0.345
,,0.429
,,0.508
,,0.574
,,0.646
,,0.709
,,0.768
,,0.832
,,0.908
,,0.963
,,0.990
,,1.023
,,1.054
,,1.098
,,1.128
,,1.129
,,1.137
,,1.146
,,1.156
,,1.164
,,1.170
,,1.172
,,1.175
,,1.178
,,1.181
,,1.184
,,1.187
,,1.188
,,1.192
,,1.193
,,1.194
,,1.198
,,1.198
,,1.201
,,1.204
,,1.204
,,1.206
,,1.208
,,1.209
,,1.211
,,1.212
,,1.217
,,1.217
,,1.217
,,1.221
,,1.220
,,1.223
,,1.222
,,1.223
,,1.222
,,1.222
,,1.221
,,1.220
,,1.220
,,1.221
,,1.218
,,1.218
,,1.218
,,1.216
,,1.216
,,1.214
,,1.212
,,1.210
,,1.202
,,1.195
,,1.190
,,1.183
,,1.175
,,1.172
,,1.162
,,1.137
,,1.106
,,1.072
,,1.044
,,1.028
,,1.010
,,0.993
,,0.978
,,0.965
,,0.948
,,0.927
,,0.888
,,0.801
,,0.754
,,0.704
,,0.651
,,0.599
,,0.551
,,0.497
,,0.454
,,0.424
,,0.392
,,0.375
,,0.358
,,0.344
,,0.330
,,0.316
,,0.306
,,0.295
,,0.286
,,0.277
,,0.266
,,0.257
,,0.244
,,0.232
,,0.219
,,0.208
,,0.201
,,0.191
,,0.183
,,0.175
,,0.168
,,0.162
,,0.155
,,0.148
,,0.143
,,0.140
,,0.135
,,0.130
,,0.123
,,0.118
,,0.115
,,0.111
,,0.107
,,0.102
,,0.099
,,0.098
,,0.095
,,0.092
,,0.087
,,0.084
,,0.081
,,0.079
,,0.076
,,0.071
,,0.071
,,0.068
,,0.064
,,0.063
,,0.059
,,0.056
,,0.056
,,0.056
,,0.053
,,0.053
,,0.051
,,0.046
,,0.047
,,0.045
,,0.042
,,0.039
,,0.040
,,0.037
,,0.036
,,0.035
,,0.035
,,0.034
,,0.034
,,0.032
,,0.030
,,0.028
,,0.029
,,0.029
,,0.027
,,0.027
,,0.026
,,0.026
,,0.025
,,0.024
,,0.024
,,0.022
,,0.023
,,0.022
,,0.021
,,0.021
,,0.019
,,0.018
,,0.015
,,0.015
,,0.013
,,0.011
,,0.011
,,0.008
,,0.009
,,0.007
,,0.008
,,0.008
,,0.007
,,0.008
,,0.011
,,0.013
,,0.017
,,0.023
,,0.032
,,0.044
,,0.061
,,0.090
,,0.133
,,0.191
,,0.267
,,0.348
,,0.432
,,0.512
,,0.579
,,0.650
,,0.713
,,0.775
,,0.840
,,0.914
,,0.966
,,0.992
,,1.022
,,1.055
,,1.100
,,1.127
,,1.128
,,1.136
,,1.145
,,1.154
,,1.162
,,1.165
,,1.170
,,1.174
,,1.176
,,1.180
,,1.181
,,1.185
,,1.188
,,1.189
,,1.192
,,1.194
,,1.197
,,1.198
,,1.199
,,1.201
,,1.203
,,1.204
,,1.206
,,1.209
,,1.210
,,1.211
,,1.213
,,1.216
,,1.216
,,1.219
,,1.220
,,1.222
,,1.222
,,1.222
,,1.222
,,1.220
,,1.221
,,1.219
,,1.219
,,1.220
,,1.218
,,1.218
,,1.217
,,1.217
,,1.215
,,1.212
,,1.213
,,1.208
,,1.203
,,1.196
,,1.188
,,1.184
,,1.176
,,1.168
,,1.164
,,1.136
,,1.103
,,1.070
,,1.045
,,1.025
,,1.009
,,0.994
,,0.980
,,0.964
,,0.947
,,0.927
,,0.880
,,0.795
,,0.748
,,0.696
,,0.642
,,0.592
,,0.542
,,0.490
,,0.446
,,0.417
,,0.389
,,0.371
,,0.356
,,0.341
,,0.327
,,0.313
,,0.301
,,0.289
,,0.279
,,0.270
,,0.260
,,0.248
,,0.238
,,0.225
,,0.212
,,0.203
,,0.191
,,0.185
,,0.178
,,0.171
,,0.164
,,0.158
,,0.151
,,0.145
,,0.141
,,0.136
,,0.132
,,0.124
,,0.119
,,0.115
,,0.109
,,0.107
,,0.103
,,0.100
,,0.099
,,0.097
,,0.094
,,0.091
,,0.088
,,0.084
,,0.080
,,0.076
,,0.074
,,0.071
,,0.066
,,0.064
,,0.064
,,0.061
,,0.060
,,0.057
,,0.054
,,0.055
,,0.052
,,0.052
,,0.050
,,0.049
,,0.049
,,0.046
,,0.042
,,0.041
,,0.039
,,0.037
,,0.038
,,0.034
,,0.034
,,0.034
,,0.032
,,0.031
,,0.030
,,0.030
,,0.028
,,0.028
,,0.027
,,0.025
,,0.027
,,0.023
,,0.024
,,0.025
,,0.025
,,0.022
,,0.022
,,0.020
,,0.019
,,0.020
,,0.018
,,0.016
,,0.014
,,0.016
,,0.013
,,0.010
,,0.009
,,0.009
,,0.008
,,0.006
,,0.007
,,0.008
,,0.008
,,0.010
,,0.012
,,0.014
,,0.016
,,0.022
,,0.032
,,0.044
,,0.062
,,0.092
,,0.137
,,0.194
,,0.270
,,0.352
,,0.435
,,0.514
,,0.581
,,0.651
,,0.717
,,0.777
,,0.842
,,0.918
,,0.968
,,0.994
,,1.027
,,1.060
,,1.103
,,1.126
,,1.130
,,1.140
,,1.147
,,1.156
,,1.162
,,1.168
,,1.173
,,1.174
,,1.178
,,1.179
,,1.184
,,1.188
,,1.190
,,1.192
,,1.194
,,1.195
,,1.197
,,1.199
,,1.202
,,1.203
,,1.206
,,1.206
,,1.210
,,1.212
,,1.213
,,1.213
,,1.216
,,1.217
,,1.219
,,1.218
,,1.221
,,1.221
,,1.221
,,1.223
,,1.222
,,1.224
,,1.223
,,1.220
,,1.221
,,1.221
,,1.221
,,1.219
,,1.220
,,1.217
,,1.217
,,1.215
,,1.213
,,1.211
,,1.206
,,1.195
,,1.193
,,1.185
,,1.180
,,1.173
,,1.159
,,1.132
,,1.112
,,1.072
,,1.047
,,1.031
,,1.012
,,0.997
,,0.982
,,0.964
,,0.950
,,0.929
,,0.881
,,0.795
,,0.750
,,0.702
,,0.648
,,0.596
,,0.547
,,0.490
,,0.447
,,0.416
,,0.390
,,0.372
,,0.357
,,0.341
,,0.325
,,0.314
,,0.301
,,0.289
,,0.280
,,0.269
,,0.257
,,0.246
,,0.235
,,0.220
,,0.208
,,0.199
,,0.191
,,0.183
,,0.176
,,0.170
,,0.161
,,0.156
,,0.149
,,0.143
,,0.137
,,0.134
,,0.129
,,0.123
,,0.118
,,0.113
,,0.107
,,0.106
,,0.103
,,0.100
,,0.097
,,0.094
,,0.090
,,0.084
,,0.081
,,0.076
,,0.073
,,0.072
,,0.070
,,0.067
,,0.064
,,0.063
,,0.062
,,0.059
,,0.059
,,0.056
,,0.057
,,0.055
,,0.052
,,0.049
,,0.048
,,0.045
,,0.044
,,0.042
,,0.041
,,0.039
,,0.038
,,0.038
,,0.037
,,0.035
,,0.034
,,0.034
,,0.033
,,0.032
,,0.031
,,0.029
,,0.030
,,0.030
,,0.028
,,0.028
,,0.027
,,0.025
,,0.025
,,0.024
,,0.025
,,0.023
,,0.022
,,0.024
,,0.022
,,0.020
,,0.021
,,0.018
,,0.017
,,0.015
,,0.014
,,0.013
,,0.012
,,0.010
,,0.010
,,0.009
,,0.009
,,0.010
,,0.011
,,0.011
,,0.012
,,0.014
,,0.018
,,0.026
,,0.034
,,0.048
,,0.065
,,0.091
,,0.137
,,0.194
,,0.272
,,0.355
,,0.440
,,0.520
,,0.591
,,0.659
,,0.724
,,0.783
,,0.848
,,0.923
,,0.970
,,0.998
,,1.032
,,1.065
,,1.108
,,1.129
,,1.130
,,1.140
,,1.150
,,1.159
,,1.165
,,1.170
,,1.174
,,1.179
,,1.180
,,1.183
,,1.186
,,1.189
,,1.191
,,1.193
,,1.194
,,1.196
,,1.198
,,1.201
,,1.202
,,1.204
,,1.206
,,1.207
,,1.210
,,1.212
,,1.214
,,1.215
,,1.217
,,1.218
,,1.220
,,1.222
,,1.223
,,1.225
,,1.224
,,1.224
,,1.225
,,1.225
,,1.223
,,1.221
,,1.224
,,1.222
,,1.222
,,1.221
,,1.221
,,1.220
,,1.218
,,1.217
,,1.216
,,1.213
,,1.207
,,1.198
,,1.192
,,1.186
,,1.179
,,1.174
,,1.163
,,1.138
,,1.103
,,1.069
,,1.046
,,1.029
,,1.012
,,0.993
,,0.975
,,0.963
,,0.946
,,0.929
,,0.879
,,0.794
,,0.751
,,0.701
,,0.645
,,0.595
,,0.546
,,0.491
,,0.449
,,0.415
,,0.391
,,0.374
,,0.359
,,0.342
,,0.328
,,0.315
,,0.303
,,0.290
,,0.280
,,0.270
,,0.259
,,0.249
,,0.238
,,0.222
,,0.211
,,0.201
,,0.191
,,0.183
,,0.178
,,0.171
,,0.163
,,0.157
,,0.150
,,0.145
,,0.138
,,0.135
,,0.130
,,0.123
,,0.118
,,0.115
,,0.111
,,0.108
,,0.103
,,0.099
,,0.098
,,0.094
,,0.090
,,0.087
,,0.082
,,0.079
,,0.076
,,0.073
,,0.070
,,0.069
,,0.066
,,0.065
,,0.062
,,0.062
,,0.060
,,0.057
,,0.055
,,0.054
,,0.051
,,0.051
,,0.047
,,0.046
,,0.045
,,0.043
,,0.041
,,0.040
,,0.039
,,0.037
,,0.036
,,0.034
,,0.033
,,0.034
,,0.033
,,0.031
,,0.030
,,0.028
,,0.029
,,0.029
,,0.028
,,0.028
,,0.026
,,0.025
,,0.026
,,0.024
,,0.023
,,0.025
,,0.021
,,0.022
,,0.022
,,0.020
,,0.020
,,0.019
,,0.016
,,0.016
,,0.011
,,0.011
,,0.011
,,0.010
,,0.009
,,0.010
,,0.010
,,0.010
,,0.012
,,0.011
,,0.013
,,0.016
,,0.020
,,0.025
,,0.035
,,0.047
,,0.068
,,0.094
,,0.139
,,0.197
,,0.276
,,0.357
,,0.443
,,0.522
,,0.589
,,0.662
,,0.727
,,0.788
,,0.853
,,0.928
,,0.974
,,0.999
,,1.033
,,1.065
,,1.108
,,1.128
,,1.130
,,1.137
,,1.150
,,1.157
,,1.164
,,1.172
,,1.174
,,1.178
,,1.179
,,1.183
,,1.187
,,1.189
,,1.193
,,1.192
,,1.196
,,1.197
,,1.201
,,1.202
,,1.203
,,1.205
,,1.206
,,1.207
,,1.209
,,1.212
,,1.213
,,1.214
,,1.217
,,1.218
,,1.219
,,1.221
,,1.223
,,1.224
,,1.224
,,1.224
,,1.223
,,1.223
,,1.222
,,1.222
,,1.223
,,1.221
,,1.221
,,1.219
,,1.218
,,1.219
,,1.218
,,1.217
,,1.214
,,1.212
,,1.204
,,1.198
,,1.192
,,1.185
,,1.179
,,1.171
,,1.154
,,1.127
,,1.095
,,1.062
,,1.046
,,1.023
,,1.008
,,0.993
,,0.978
,,0.963
,,0.946
,,0.927
,,0.874
,,0.793
,,0.751
,,0.703
,,0.645
,,0.594
,,0.544
,,0.488
,,0.448
,,0.414
,,0.389
,,0.371
,,0.355
,,0.338
,,0.324
,,0.310
,,0.298
,,0.286
,,0.277
,,0.266
,,0.254
,,0.242
,,0.231
,,0.216
,,0.206
,,0.196
,,0.185
,,0.179
,,0.172
,,0.163
,,0.157
,,0.151
,,0.146
,,0.141
,,0.134
,,0.130
,,0.123
,,0.119
,,0.114
,,0.109
,,0.108
,,0.105
,,0.102
,,0.098
,,0.093
,,0.090
,,0.087
,,0.082
,,0.079
,,0.077
,,0.073
,,0.070
,,0.069
,,0.066
,,0.065
,,0.061
,,0.061
,,0.057
,,0.056
,,0.051
,,0.051
,,0.046
,,0.047
,,0.045
,,0.045
,,0.043
,,0.042
,,0.041
,,0.040
,,0.039
,,0.036
,,0.037
,,0.037
,,0.036
,,0.034
,,0.034
,,0.032
,,0.032
,,0.031
,,0.031
,,0.029
,,0.029
,,0.027
,,0.028
,,0.027
,,0.026
,,0.025
,,0.025
,,0.024
,,0.024
,,0.022
,,0.022
,,0.021
,,0.020
,,0.021
,,0.019
,,0.017
,,0.016
,,0.015
,,0.014
,,0.012
,,0.013
,,0.013
,,0.011
,,0.012
,,0.013
,,0.012
,,0.012
,,0.015
,,0.019
,,0.022
,,0.027
,,0.036
,,0.050
,,0.067
,,0.096
,,0.143
,,0.198
,,0.278
,,0.361
,,0.446
,,0.526
,,0.596
,,0.666
,,0.733
,,0.794
,,0.860
,,0.934
,,0.978
,,1.002
,,1.035
,,1.070
,,1.114
,,1.131
,,1.135
,,1.143
,,1.150
,,1.161
,,1.169
,,1.173
,,1.178
,,1.180
,,1.185
,,1.189
,,1.192
,,1.194
,,1.195
,,1.197
,,1.201
,,1.202
,,1.203
,,1.205
,,1.207
,,1.209
,,1.209
,,1.212
,,1.216
,,1.215
,,1.217
,,1.219
,,1.220
,,1.221
,,1.225
,,1.225
,,1.226
,,1.228
,,1.228
,,1.227
,,1.227
,,1.227
,,1.227
,,1.226
,,1.225
,,1.225
,,1.223
,,1.225
,,1.223
,,1.222
,,1.221
,,1.220
,,1.219
,,1.216
,,1.208
,,1.201
,,1.193
,,1.189
,,1.182
,,1.174
,,1.154
,,1.127
,,1.097
,,1.065
,,1.047
,,1.026
,,1.011
,,0.991
,,0.979
,,0.965
,,0.948
,,0.926
,,0.873
,,0.791
,,0.750
,,0.700
,,0.645
,,0.594
,,0.545
,,0.489
,,0.448
,,0.413
,,0.390
,,0.372
,,0.356
,,0.338
,,0.325
,,0.310
,,0.299
,,0.288
,,0.276
,,0.268
,,0.255
,,0.244
,,0.230
,,0.216
,,0.206
,,0.196
,,0.187
,,0.179
,,0.173
,,0.164
,,0.156
,,0.150
,,0.143
,,0.138
,,0.132
,,0.127
,,0.124
,,0.118
,,0.116
,,0.111
,,0.109
,,0.104
,,0.098
,,0.097
,,0.093
,,0.089
,,0.085
,,0.081
,,0.079
,,0.073
,,0.071
,,0.068
,,0.066
,,0.061
,,0.061
,,0.057
,,0.055
,,0.054
,,0.051
,,0.051
,,0.049
,,0.048
,,0.045
,,0.046
,,0.043
,,0.042
,,0.041
,,0.041
,,0.039
,,0.038
,,0.038
,,0.036
,,0.035
,,0.036
,,0.034
,,0.033
,,0.034
,,0.032
,,0.031
,,0.031
,,0.030
,,0.031
,,0.029
,,0.027
,,0.027
,,0.026
,,0.026
,,0.025
,,0.025
,,0.024
,,0.022
,,0.023
,,0.021
,,0.022
,,0.020
,,0.018
,,0.018
,,0.014
,,0.016
,,0.013
,,0.012
,,0.011
,,0.011
,,0.010
,,0.010
,,0.012
,,0.011
,,0.013
,,0.014
,,0.018
,,0.021
,,0.028
,,0.038
,,0.052
,,0.069
,,0.096
,,0.141
,,0.200
,,0.280
,,0.363
,,0.451
,,0.532
,,0.600
,,0.673
,,0.737
,,0.797
,,0.866
,,0.940
,,0.978
,,1.005
,,1.036
,,1.070
,,1.114
,,1.130
,,1.133
,,1.143
,,1.151
,,1.161
,,1.167
,,1.173
,,1.175
,,1.183
,,1.185
,,1.185
,,1.189
,,1.193
,,1.193
,,1.197
,,1.199
,,1.199
,,1.203
,,1.204
,,1.207
,,1.208
,,1.213
,,1.212
,,1.215
,,1.213
,,1.217
,,1.218
,,1.219
,,1.222
,,1.222
,,1.224
,,1.226
,,1.228
,,1.225
,,1.227
,,1.228
,,1.228
,,1.227
,,1.228
,,1.225
,,1.224
,,1.223
,,1.223
,,1.223
,,1.220
,,1.221
,,1.219
,,1.217
,,1.213
,,1.207
,,1.199
,,1.193
,,1.190
,,1.182
,,1.177
,,1.158
,,1.131
,,1.102
,,1.068
,,1.044
,,1.028
,,1.009
,,0.993
,,0.978
,,0.961
,,0.945
,,0.925
,,0.864
,,0.788
,,0.746
,,0.694
,,0.639
,,0.585
,,0.536
,,0.482
,,0.441
,,0.409
,,0.383
,,0.365
,,0.349
,,0.334
,,0.318
,,0.303
,,0.293
,,0.279
,,0.270
,,0.255
,,0.245
,,0.234
,,0.220
,,0.208
,,0.197
,,0.190
,,0.180
,,0.175
,,0.167
,,0.161
,,0.152
,,0.144
,,0.142
,,0.134
,,0.127
,,0.124
,,0.117
,,0.109
,,0.107
,,0.103
,,0.100
,,0.097
,,0.092
,,0.091
,,0.089
,,0.083
,,0.079
,,0.077
,,0.074
,,0.070
,,0.069
,,0.067
,,0.064
,,0.059
,,0.059
,,0.056
,,0.053
,,0.051
,,0.049
,,0.047
,,0.047
,,0.047
,,0.044
,,0.042
,,0.040
,,0.038
,,0.038
,,0.037
,,0.035
,,0.036
,,0.035
,,0.036
,,0.032
,,0.031
,,0.031
,,0.031
,,0.030
,,0.029
,,0.029
,,0.028
,,0.028
,,0.025
,,0.027
,,0.025
,,0.026
,,0.024
,,0.025
,,0.025
,,0.024
,,0.023
,,0.023
,,0.021
,,0.021
,,0.020
,,0.018
,,0.018
,,0.017
,,0.014
,,0.014
,,0.012
,,0.012
,,0.010
,,0.009
,,0.011
,,0.011
,,0.010
,,0.010
,,0.015
,,0.013
,,0.017
,,0.021
,,0.027
,,0.039
,,0.049
,,0.071
,,0.097
,,0.143
,,0.202
,,0.283
,,0.365
,,0.452
,,0.534
,,0.605
,,0.675
,,0.740
,,0.802
,,0.871
,,0.943
,,0.984
,,1.008
,,1.037
,,1.070
,,1.113
,,1.132
,,1.134
,,1.142
,,1.152
,,1.162
,,1.170
,,1.174
,,1.179
,,1.182
,,1.183
,,1.187
,,1.191
,,1.193
,,1.194
,,1.197
,,1.201
,,1.201
,,1.204
,,1.206
,,1.205
,,1.209
,,1.210
,,1.214
,,1.215
,,1.216
,,1.218
,,1.220
,,1.222
,,1.221
,,1.222
,,1.226
,,1.227
,,1.229
,,1.229
,,1.228
,,1.228
,,1.227
,,1.227
,,1.226
,,1.226
,,1.225
,,1.226
,,1.224
,,1.223
,,1.223
,,1.220
,,1.222
,,1.218
,,1.215
,,1.208
,,1.202
,,1.194
,,1.187
,,1.183
,,1.174
,,1.153
,,1.129
,,1.097
,,1.064
,,1.044
,,1.026
,,1.010
,,0.996
,,0.979
,,0.966
,,0.948
,,0.927
,,0.869
,,0.790
,,0.748
,,0.698
,,0.642
,,0.588
,,0.536
,,0.482
,,0.443
,,0.409
,,0.386
,,0.365
,,0.351
,,0.332
,,0.321
,,0.306
,,0.294
,,0.281
,,0.271
,,0.261
,,0.247
,,0.234
,,0.221
,,0.207
,,0.196
,,0.188
,,0.178
,,0.170
,,0.163
,,0.155
,,0.147
,,0.141
,,0.137
,,0.131
,,0.126
,,0.119
,,0.114
,,0.110
,,0.106
,,0.102
,,0.098
,,0.096
,,0.092
,,0.091
,,0.087
,,0.084
,,0.078
,,0.075
,,0.072
,,0.068
,,0.065
,,0.064
,,0.061
,,0.056
,,0.052
,,0.052
,,0.050
,,0.048
,,0.048
,,0.044
,,0.042
,,0.042
,,0.042
,,0.041
,,0.039
,,0.039
,,0.036
,,0.035
,,0.036
,,0.035
,,0.034
,,0.033
,,0.032
,,0.031
,,0.031
,,0.031
,,0.030
,,0.028
,,0.028
,,0.029
,,0.028
,,0.028
,,0.027
,,0.025
,,0.025
,,0.024
,,0.024
,,0.022
,,0.021
,,0.022
,,0.021
,,0.022
,,0.020
,,0.018
,,0.017
,,0.017
,,0.015
,,0.013
,,0.013
,,0.010
,,0.010
,,0.010
,,0.009
,,0.011
,,0.009
,,0.011
,,0.010
,,0.013
,,0.013
,,0.016
,,0.020
,,0.026
,,0.038
,,0.051
,,0.070
,,0.095
,,0.140
,,0.200
,,0.282
,,0.369
,,0.454
,,0.533
,,0.608
,,0.677
,,0.742
,,0.807
,,0.873
,,0.945
,,0.983
,,1.010
,,1.038
,,1.072
,,1.114
,,1.130
,,1.133
,,1.142
,,1.149
,,1.161
,,1.165
,,1.172
,,1.176
,,1.179
,,1.183
,,1.186
,,1.187
,,1.189
,,1.194
,,1.195
,,1.197
,,1.198
,,1.201
,,1.203
,,1.204
,,1.208
,,1.210
,,1.210
,,1.213
,,1.215
,,1.216
,,1.218
,,1.219
,,1.220
,,1.224
,,1.225
,,1.225
,,1.226
,,1.227
,,1.227
,,1.227
,,1.226
,,1.227
,,1.224
,,1.224
,,1.223
,,1.224
,,1.223
,,1.222
,,1.220
,,1.220
,,1.218
,,1.217
,,1.215
,,1.207
,,1.199
,,1.191
,,1.187
,,1.179
,,1.172
,,1.147
,,1.125
,,1.095
,,1.061
,,1.040
,,1.025
,,1.007
,,0.990
,,0.978
,,0.960
,,0.942
,,0.920
,,0.854
,,0.782
,,0.741
,,0.690
,,0.634
,,0.580
,,0.527
,,0.471
,,0.434
,,0.398
,,0.377
,,0.359
,,0.343
,,0.327
,,0.312
,,0.297
,,0.285
,,0.273
,,0.261
,,0.249
,,0.235
,,0.226
,,0.211
,,0.198
,,0.189
,,0.180
,,0.172
,,0.166
,,0.157
,,0.148
,,0.141
,,0.135
,,0.130
,,0.124
,,0.120
,,0.114
,,0.109
,,0.106
,,0.103
,,0.097
,,0.094
,,0.093
,,0.088
,,0.085
,,0.078
,,0.073
,,0.068
,,0.066
,,0.063
,,0.060
,,0.055
,,0.052
,,0.052
,,0.051
,,0.049
,,0.048
,,0.047
,,0.044
,,0.043
,,0.041
,,0.040
,,0.038
,,0.038
,,0.039
,,0.038
,,0.037
,,0.035
,,0.033
,,0.034
,,0.033
,,0.030
,,0.031
,,0.032
,,0.029
,,0.029
,,0.028
,,0.027
,,0.027
,,0.026
,,0.027
,,0.026
,,0.026
,,0.025
,,0.024
,,0.024
,,0.024
,,0.023
,,0.021
,,0.021
,,0.022
,,0.020
,,0.019
,,0.020
,,0.018
,,0.016
,,0.017
,,0.015
,,0.015
,,0.013
,,0.012
,,0.012
,,0.011
,,0.010
,,0.011
,,0.011
,,0.010
,,0.010
,,0.012
,,0.014
,,0.016
,,0.021
,,0.028
,,0.038
,,0.052
,,0.070
,,0.098
,,0.142
,,0.202
,,0.284
,,0.371
,,0.457
,,0.536
,,0.609
,,0.679
,,0.744
,,0.808
,,0.876
,,0.947
,,0.983
,,1.008
,,1.038
,,1.072
,,1.115
,,1.129
,,1.133
,,1.143
,,1.151
,,1.159
,,1.167
,,1.174
,,1.177
,,1.181
,,1.183
,,1.185
,,1.188
,,1.190
,,1.193
,,1.197
,,1.196
,,1.200
,,1.203
,,1.205
,,1.205
,,1.209
,,1.210
,,1.212
,,1.213
,,1.215
,,1.216
,,1.218
,,1.219
,,1.221
,,1.223
,,1.224
,,1.227
,,1.226
,,1.227
,,1.227
,,1.227
,,1.227
,,1.227
,,1.227
,,1.225
,,1.225
,,1.225
,,1.223
,,1.222
,,1.221
,,1.221
,,1.219
,,1.218
,,1.212
,,1.207
,,1.199
,,1.192
,,1.187
,,1.180
,,1.169
,,1.145
,,1.121
,,1.091
,,1.060
,,1.039
,,1.024
,,1.008
,,0.994
,,0.978
,,0.964
,,0.946
,,0.924
,,0.862
,,0.784
,,0.745
,,0.694
,,0.636
,,0.582
,,0.533
,,0.476
,,0.437
,,0.401
,,0.379
,,0.360
,,0.345
,,0.329
,,0.315
,,0.302
,,0.290
,,0.278
,,0.267
,,0.253
,,0.240
,,0.229
,,0.215
,,0.201
,,0.191
,,0.180
,,0.172
,,0.164
,,0.157
,,0.148
,,0.140
,,0.135
,,0.130
,,0.125
,,0.119
,,0.115
,,0.109
,,0.106
,,0.102
,,0.097
,,0.094
,,0.091
,,0.089
,,0.082
,,0.077
,,0.073
,,0.069
,,0.066
,,0.063
,,0.059
,,0.057
,,0.053
,,0.051
,,0.046
,,0.048
,,0.045
,,0.045
,,0.044
,,0.040
,,0.040
,,0.037
,,0.039
,,0.038
,,0.035
,,0.035
,,0.034
,,0.033
,,0.034
,,0.033
,,0.032
,,0.031
,,0.030
,,0.030
,,0.030
,,0.029
,,0.027
,,0.029
,,0.027
,,0.025
,,0.026
,,0.025
,,0.024
,,0.024
,,0.022
,,0.023
,,0.022
,,0.020
,,0.022
,,0.019
,,0.020
,,0.019
,,0.017
,,0.018
,,0.016
,,0.016
,,0.016
,,0.015
,,0.012
,,0.012
,,0.011
,,0.011
,,0.011
,,0.009
,,0.011
,,0.009
,,0.010
,,0.011
,,0.011
,,0.015
,,0.017
,,0.023
,,0.028
,,0.036
,,0.051
,,0.072
,,0.097
,,0.141
,,0.204
,,0.287
,,0.373
,,0.460
,,0.539
,,0.612
,,0.683
,,0.748
,,0.810
,,0.880
,,0.951
,,0.984
,,1.008
,,1.040
,,1.075
,,1.119
,,1.128
,,1.133
,,1.145
,,1.150
,,1.160
,,1.168
,,1.172
,,1.176
,,1.180
,,1.184
,,1.186
,,1.189
,,1.191
,,1.193
,,1.198
,,1.199
,,1.199
,,1.201
,,1.205
,,1.205
,,1.209
,,1.211
,,1.213
,,1.213
,,1.217
,,1.217
,,1.218
,,1.221
,,1.222
,,1.225
,,1.223
,,1.227
,,1.227
,,1.227
,,1.227
,,1.227
,,1.227
,,1.227
,,1.228
,,1.226
,,1.226
,,1.225
,,1.223
,,1.223
,,1.223
,,1.221
,,1.219
,,1.219
,,1.213
,,1.207
,,1.198
,,1.193
,,1.187
,,1.182
,,1.171
,,1.149
,,1.124
,,1.096
,,1.061
,,1.040
,,1.025
,,1.009
,,0.990
,,0.977
,,0.962
,,0.944
,,0.920
,,0.850
,,0.783
,,0.743
,,0.692
,,0.634
,,0.580
,,0.527
,,0.472
,,0.435
,,0.399
,,0.376
,,0.358
,,0.343
,,0.328
,,0.310
,,0.296
,,0.285
,,0.273
,,0.260
,,0.246
,,0.234
,,0.218
,,0.208
,,0.196
,,0.186
,,0.177
,,0.168
,,0.159
,,0.151
,,0.143
,,0.135
,,0.130
,,0.125
,,0.116
,,0.115
,,0.108
,,0.106
,,0.100
,,0.098
,,0.092
,,0.089
,,0.083
,,0.078
,,0.074
,,0.070
,,0.068
,,0.064
,,0.061
,,0.061
,,0.055
,,0.053
,,0.050
,,0.049
,,0.048
,,0.047
,,0.046
,,0.041
,,0.041
,,0.041
,,0.039
,,0.037
,,0.037
,,0.035
,,0.036
,,0.032
,,0.033
,,0.033
,,0.033
,,0.030
,,0.031
,,0.032
,,0.030
,,0.029
,,0.030
,,0.028
,,0.028
,,0.027
,,0.026
,,0.027
,,0.026
,,0.025
,,0.024
,,0.025
,,0.025
,,0.021
,,0.021
,,0.021
,,0.021
,,0.020
,,0.019
,,0.018
,,0.019
,,0.018
,,0.017
,,0.016
,,0.017
,,0.014
,,0.012
,,0.012
,,0.011
,,0.011
,,0.013
,,0.009
,,0.010
,,0.010
,,0.010
,,0.012
,,0.012
,,0.014
,,0.017
,,0.022
,,0.027
,,0.035
,,0.053
,,0.070
,,0.098
,,0.140
,,0.205
,,0.288
,,0.376
,,0.462
,,0.542
,,0.617
,,0.685
,,0.750
,,0.815
,,0.884
,,0.956
,,0.985
,,1.014
,,1.043
,,1.077
,,1.118
,,1.128
,,1.134
,,1.142
,,1.151
,,1.160
,,1.166
,,1.170
,,1.175
,,1.180
,,1.181
,,1.186
,,1.188
,,1.191
,,1.193
,,1.195
,,1.197
,,1.201
,,1.203
,,1.205
,,1.206
,,1.209
,,1.208
,,1.211
,,1.214
,,1.214
,,1.216
,,1.218
,,1.219
,,1.222
,,1.223
,,1.225
,,1.227
,,1.227
,,1.228
,,1.228
,,1.227
,,1.226
,,1.227
,,1.226
,,1.225
,,1.225
,,1.225
,,1.224
,,1.224
,,1.222
,,1.221
,,1.220
,,1.218
,,1.213
,,1.207
,,1.198
,,1.193
,,1.189
,,1.181
,,1.173
,,1.145
,,1.130
,,1.105
,,1.067
,,1.043
,,1.025
,,1.008
,,0.994
,,0.979
,,0.963
,,0.946
,,0.925
,,0.859
,,0.786
,,0.745
,,0.696
,,0.638
,,0.582
,,0.531
,,0.476
,,0.437
,,0.400
,,0.377
,,0.360
,,0.343
,,0.326
,,0.311
,,0.298
,,0.285
,,0.275
,,0.262
,,0.245
,,0.233
,,0.220
,,0.205
,,0.195
,,0.184
,,0.177
,,0.167
,,0.158
,,0.151
,,0.141
,,0.137
,,0.130
,,0.124
,,0.119
,,0.113
,,0.108
,,0.105
,,0.099
,,0.095
,,0.091
,,0.087
,,0.080
,,0.073
,,0.070
,,0.067
,,0.063
,,0.059
,,0.059
,,0.053
,,0.052
,,0.049
,,0.047
,,0.047
,,0.045
,,0.044
,,0.042
,,0.041
,,0.040
,,0.037
,,0.038
,,0.036
,,0.037
,,0.034
,,0.035
,,0.034
,,0.032
,,0.034
,,0.034
,,0.033
,,0.032
,,0.030
,,0.031
,,0.030
,,0.030
,,0.029
,,0.029
,,0.027
,,0.027
,,0.027
,,0.026
,,0.024
,,0.025
,,0.022
,,0.020
,,0.023
,,0.020
,,0.020
,,0.020
,,0.019
,,0.020
,,0.019
,,0.017
,,0.018
,,0.018
,,0.016
,,0.015
,,0.015
,,0.012
,,0.013
,,0.014
,,0.012
,,0.011
,,0.011
,,0.013
,,0.012
,,0.012
,,0.012
,,0.015
,,0.015
,,0.019
,,0.022
,,0.029
,,0.039
,,0.054
,,0.072
,,0.099
,,0.145
,,0.208
,,0.294
,,0.381
,,0.468
,,0.547
,,0.621
,,0.691
,,0.755
,,0.818
,,0.890
,,0.959
,,0.988
,,1.015
,,1.046
,,1.079
,,1.121
,,1.130
,,1.133
,,1.144
,,1.153
,,1.163
,,1.169
,,1.172
,,1.178
,,1.181
,,1.185
,,1.188
,,1.191
,,1.192
,,1.195
,,1.198
,,1.200
,,1.203
,,1.204
,,1.207
,,1.209
,,1.209
,,1.212
,,1.213
,,1.215
,,1.218
,,1.218
,,1.221
,,1.222
,,1.225
,,1.224
,,1.226
,,1.228
,,1.228
,,1.228
,,1.231
,,1.228
,,1.229
,,1.228
,,1.227
,,1.227
,,1.226
,,1.226
,,1.226
,,1.225
,,1.224
,,1.224
,,1.222
,,1.222
,,1.217
,,1.209
,,1.199
,,1.193
,,1.188
,,1.182
,,1.168
,,1.142
,,1.120
,,1.085
,,1.060
,,1.039
,,1.023
,,1.008
,,0.991
,,0.976
,,0.959
,,0.944
,,0.925
,,0.865
,,0.788
,,0.747
,,0.696
,,0.641
,,0.585
,,0.536
,,0.479
,,0.438
,,0.400
,,0.379
,,0.360
,,0.344
,,0.327
,,0.311
,,0.298
,,0.286
,,0.274
,,0.261
,,0.247
,,0.233
,,0.219
,,0.206
,,0.196
,,0.185
,,0.176
,,0.166
,,0.156
,,0.149
,,0.141
,,0.134
,,0.128
,,0.120
,,0.115
,,0.111
,,0.106
,,0.101
,,0.097
,,0.092
,,0.088
,,0.085
,,0.079
,,0.077
,,0.071
,,0.066
,,0.064
,,0.061
,,0.059
,,0.055
,,0.051
,,0.050
,,0.048
,,0.046
,,0.043
,,0.043
,,0.042
,,0.041
,,0.038
,,0.038
,,0.036
,,0.037
,,0.036
,,0.034
,,0.034
,,0.034
,,0.033
,,0.034
,,0.033
,,0.031
,,0.030
,,0.031
,,0.029
,,0.029
,,0.029
,,0.028
,,0.027
,,0.028
,,0.025
,,0.024
,,0.025
,,0.023
,,0.022
,,0.023
,,0.021
,,0.023
,,0.021
,,0.020
,,0.021
,,0.019
,,0.019
,,0.018
,,0.017
,,0.017
,,0.014
,,0.017
,,0.014
,,0.015
,,0.012
,,0.013
,,0.012
,,0.011
,,0.009
,,0.011
,,0.011
,,0.011
,,0.011
,,0.012
,,0.013
,,0.014
,,0.020
,,0.021
,,0.028
,,0.037
,,0.054
,,0.072
,,0.100
,,0.145
,,0.210
,,0.295
,,0.380
,,0.470
,,0.548
,,0.624
,,0.695
,,0.758
,,0.823
,,0.894
,,0.960
,,0.989
,,1.016
,,1.045
,,1.080
,,1.121
,,1.130
,,1.136
,,1.144
,,1.152
,,1.161
,,1.170
,,1.173
,,1.178
,,1.183
,,1.185
,,1.187
,,1.191
,,1.191
,,1.196
,,1.199
,,1.201
,,1.202
,,1.204
,,1.207
,,1.209
,,1.211
,,1.210
,,1.214
,,1.216
,,1.216
,,1.217
,,1.219
,,1.220
,,1.223
,,1.224
,,1.228
,,1.228
,,1.228
,,1.229
,,1.229
,,1.229
,,1.229
,,1.226
,,1.228
,,1.228
,,1.227
,,1.227
,,1.224
,,1.224
,,1.223
,,1.221
,,1.220
,,1.218
,,1.214
,,1.207
,,1.198
,,1.192
,,1.186
,,1.181
,,1.167
,,1.139
,,1.119
,,1.085
,,1.055
,,1.037
,,1.021
,,1.007
,,0.989
,,0.975
,,0.957
,,0.943
,,0.914
,,0.843
,,0.782
,,0.740
,,0.689
,,0.632
,,0.578
,,0.521
,,0.467
,,0.429
,,0.393
,,0.372
,,0.352
,,0.335
,,0.320
,,0.305
,,0.291
,,0.279
,,0.265
,,0.254
,,0.238
,,0.224
,,0.211
,,0.197
,,0.186
,,0.177
,,0.168
,,0.157
,,0.148
,,0.141
,,0.135
,,0.127
,,0.121
,,0.117
,,0.111
,,0.105
,,0.101
,,0.094
,,0.088
,,0.083
,,0.078
,,0.074
,,0.070
,,0.067
,,0.063
,,0.061
,,0.057
,,0.054
,,0.053
,,0.050
,,0.045
,,0.046
,,0.044
,,0.042
,,0.041
,,0.039
,,0.038
,,0.037
,,0.035
,,0.037
,,0.034
,,0.033
,,0.035
,,0.033
,,0.029
,,0.031
,,0.031
,,0.029
,,0.029
,,0.029
,,0.029
,,0.026
,,0.027
,,0.025
,,0.025
,,0.026
,,0.025
,,0.022
,,0.022
,,0.022
,,0.022
,,0.020
,,0.020
,,0.020
,,0.019
,,0.016
,,0.017
,,0.017
,,0.017
,,0.016
,,0.015
,,0.015
,,0.015
,,0.013
,,0.013
,,0.012
,,0.013
,,0.011
,,0.009
,,0.009
,,0.008
,,0.008
,,0.007
,,0.008
,,0.009
,,0.008
,,0.008
,,0.008
,,0.011
,,0.012
,,0.015
,,0.019
,,0.026
,,0.037
,,0.051
,,0.073
,,0.097
,,0.143
,,0.206
,,0.293
,,0.382
,,0.468
,,0.550
,,0.627
,,0.696
,,0.761
,,0.827
,,0.896
,,0.964
,,0.991
,,1.017
,,1.047
,,1.082
,,1.121
,,1.128
,,1.135
,,1.143
,,1.152
,,1.162
,,1.171
,,1.173
,,1.178
,,1.183
,,1.184
,,1.186
,,1.190
,,1.193
,,1.195
,,1.199
,,1.200
,,1.203
,,1.203
,,1.206
,,1.207
,,1.207
,,1.210
,,1.212
,,1.216
,,1.217
,,1.217
,,1.218
,,1.219
,,1.220
,,1.224
,,1.224
,,1.228
,,1.227
,,1.227
,,1.230
,,1.227
,,1.228
,,1.227
,,1.225
,,1.226
,,1.226
,,1.224
,,1.224
,,1.223
,,1.222
,,1.222
,,1.220
,,1.219
,,1.213
,,1.209
,,1.199
,,1.193
,,1.186
,,1.180
,,1.165
,,1.138
,,1.122
,,1.090
,,1.058
,,1.038
,,1.023
,,1.008
,,0.991
,,0.976
,,0.960
,,0.942
,,0.912
,,0.840
,,0.781
,,0.736
,,0.689
,,0.630
,,0.575
,,0.518
,,0.466
,,0.424
,,0.389
,,0.368
,,0.351
,,0.333
,,0.316
,,0.301
,,0.288
,,0.274
,,0.262
,,0.249
,,0.235
,,0.220
,,0.206
,,0.192
,,0.183
,,0.173
,,0.162
,,0.153
,,0.145
,,0.137
,,0.130
,,0.123
,,0.118
,,0.112
,,0.109
,,0.101
,,0.095
,,0.090
,,0.086
,,0.076
,,0.073
,,0.071
,,0.065
,,0.064
,,0.061
,,0.057
,,0.053
,,0.050
,,0.047
,,0.046
,,0.044
,,0.041
,,0.041
,,0.038
,,0.038
,,0.037
,,0.036
,,0.037
,,0.034
,,0.034
,,0.034
,,0.032
,,0.032
,,0.032
,,0.029
,,0.031
,,0.028
,,0.028
,,0.029
,,0.028
,,0.029
,,0.028
,,0.027
,,0.027
,,0.025
,,0.025
,,0.023
,,0.024
,,0.023
,,0.021
,,0.021
,,0.021
,,0.020
,,0.019
,,0.018
,,0.018
,,0.018
,,0.018
,,0.017
,,0.016
,,0.017
,,0.015
,,0.014
,,0.014
,,0.012
,,0.010
,,0.012
,,0.010
,,0.010
,,0.008
,,0.011
,,0.009
,,0.008
,,0.009
,,0.010
,,0.009
,,0.009
,,0.010
,,0.011
,,0.013
,,0.015
,,0.019
,,0.028
,,0.038
,,0.049
,,0.070
,,0.098
,,0.142
,,0.208
,,0.294
,,0.383
,,0.472
,,0.553
,,0.633
,,0.701
,,0.765
,,0.829
,,0.902
,,0.965
,,0.991
,,1.017
,,1.047
,,1.086
,,1.122
,,1.127
,,1.134
,,1.142
,,1.153
,,1.161
,,1.170
,,1.173
,,1.178
,,1.180
,,1.184
,,1.186
,,1.190
,,1.193
,,1.196
,,1.198
,,1.201
,,1.202
,,1.204
,,1.207
,,1.208
,,1.211
,,1.213
,,1.214
,,1.215
,,1.218
,,1.217
,,1.218
,,1.221
,,1.221
,,1.226
,,1.225
,,1.228
,,1.229
,,1.229
,,1.230
,,1.229
,,1.230
,,1.229
,,1.228
,,1.228
,,1.226
,,1.227
,,1.223
,,1.224
,,1.223
,,1.221
,,1.221
,,1.220
,,1.218
,,1.210
,,1.200
,,1.194
,,1.185
,,1.177
,,1.159
,,1.141
,,1.124
,,1.091
,,1.060
,,1.041
,,1.024
,,1.007
,,0.991
,,0.977
,,0.959
,,0.941
,,0.914
,,0.841
,,0.782
,,0.740
,,0.689
,,0.629
,,0.574
,,0.517
,,0.461
,,0.422
,,0.388
,,0.366
,,0.348
,,0.332
,,0.313
,,0.299
,,0.285
,,0.272
,,0.260
,,0.245
,,0.231
,,0.215
,,0.200
,,0.191
,,0.178
,,0.168
,,0.158
,,0.150
,,0.141
,,0.134
,,0.126
,,0.119
,,0.114
,,0.109
,,0.102
,,0.096
,,0.091
,,0.084
,,0.078
,,0.073
,,0.068
,,0.065
,,0.062
,,0.056
,,0.053
,,0.052
,,0.049
,,0.047
,,0.045
,,0.043
,,0.042
,,0.041
,,0.038
,,0.037
,,0.036
,,0.038
,,0.035
,,0.034
,,0.034
,,0.033
,,0.032
,,0.030
,,0.029
,,0.030
,,0.029
,,0.029
,,0.026
,,0.026
,,0.027
,,0.025
,,0.023
,,0.023
,,0.023
,,0.021
,,0.021
,,0.021
,,0.021
,,0.019
,,0.019
,,0.017
,,0.018
,,0.018
,,0.017
,,0.014
,,0.016
,,0.015
,,0.014
,,0.013
,,0.013
,,0.013
,,0.012
,,0.009
,,0.011
,,0.010
,,0.010
,,0.009
,,0.010
,,0.009
,,0.007
,,0.007
,,0.007
,,0.007
,,0.008
,,0.007
,,0.008
,,0.007
,,0.007
,,0.007
,,0.009
,,0.011
,,0.014
,,0.017
,,0.026
,,0.035
,,0.052
,,0.072
,,0.098
,,0.142
,,0.204
,,0.294
,,0.384
,,0.474
,,0.554
,,0.634
,,0.704
,,0.770
,,0.833
,,0.906
,,0.966
,,0.993
,,1.021
,,1.050
,,1.088
,,1.123
,,1.129
,,1.135
,,1.141
,,1.152
,,1.162
,,1.169
,,1.175
,,1.179
,,1.181
,,1.184
,,1.188
,,1.192
,,1.192
,,1.194
,,1.197
,,1.200
,,1.202
,,1.205
,,1.206
,,1.208
,,1.209
,,1.211
,,1.212
,,1.214
,,1.217
,,1.219
,,1.220
,,1.220
,,1.223
,,1.224
,,1.226
,,1.227
,,1.228
,,1.229
,,1.229
,,1.229
,,1.227
,,1.228
,,1.228
,,1.228
,,1.226
,,1.226
,,1.225
,,1.224
,,1.225
,,1.223
,,1.222
,,1.219
,,1.215
,,1.208
,,1.198
,,1.194
,,1.187
,,1.179
,,1.164
,,1.140
,,1.121
,,1.086
,,1.058
,,1.039
,,1.020
,,1.007
,,0.991
,,0.975
,,0.959
,,0.942
,,0.916
,,0.844
,,0.780
,,0.739
,,0.688
,,0.631
,,0.574
,,0.516
,,0.461
,,0.422
,,0.386
,,0.367
,,0.347
,,0.330
,,0.313
,,0.298
,,0.284
,,0.270
,,0.256
,,0.243
,,0.228
,,0.213
,,0.198
,,0.188
,,0.177
,,0.166
,,0.156
,,0.147
,,0.139
,,0.131
,,0.124
,,0.118
,,0.111
,,0.107
,,0.099
,,0.095
,,0.089
,,0.084
,,0.077
,,0.072
,,0.068
,,0.064
,,0.062
,,0.057
,,0.053
,,0.052
,,0.047
,,0.046
,,0.044
,,0.043
,,0.042
,,0.040
,,0.038
,,0.036
,,0.038
,,0.036
,,0.036
,,0.034
,,0.033
,,0.034
,,0.032
,,0.031
,,0.031
,,0.030
,,0.031
,,0.028
,,0.028
,,0.028
,,0.027
,,0.027
,,0.026
,,0.023
,,0.024
,,0.023
,,0.021
,,0.023
,,0.020
,,0.022
,,0.019
,,0.020
,,0.019
,,0.019
,,0.018
,,0.017
,,0.016
,,0.015
,,0.016
,,0.016
,,0.014
,,0.014
,,0.013
,,0.013
,,0.010
,,0.010
,,0.010
,,0.009
,,0.010
,,0.009
,,0.008
,,0.008
,,0.008
,,0.007
,,0.008
,,0.007
,,0.008
,,0.006
,,0.007
,,0.009
,,0.013
,,0.012
,,0.014
,,0.018
,,0.026
,,0.035
,,0.052
,,0.071
,,0.098
,,0.141
,,0.206
,,0.294
,,0.386
,,0.475
,,0.557
,,0.636
,,0.706
,,0.773
,,0.838
,,0.911
,,0.966
,,0.994
,,1.021
,,1.050
,,1.092
,,1.123
,,1.127
,,1.135
,,1.143
,,1.153
,,1.161
,,1.168
,,1.172
,,1.176
,,1.180
,,1.184
,,1.186
,,1.191
,,1.192
,,1.194
,,1.197
,,1.199
,,1.203
,,1.203
,,1.206
,,1.207
,,1.210
,,1.212
,,1.215
,,1.216
,,1.217
,,1.218
,,1.221
,,1.221
,,1.222
,,1.224
,,1.226
,,1.228
,,1.229
,,1.228
,,1.230
,,1.228
,,1.229
,,1.228
,,1.227
,,1.228
,,1.226
,,1.226
,,1.225
,,1.223
,,1.224
,,1.222
,,1.221
,,1.220
,,1.214
,,1.206
,,1.199
,,1.191
,,1.187
,,1.181
,,1.161
,,1.139
,,1.118
,,1.088
,,1.057
,,1.038
,,1.023
,,1.007
,,0.991
,,0.978
,,0.960
,,0.944
,,0.918
,,0.845
,,0.784
,,0.744
,,0.693
,,0.634
,,0.576
,,0.520
,,0.463
,,0.422
,,0.389
,,0.367
,,0.345
,,0.327
,,0.312
,,0.296
,,0.284
,,0.270
,,0.254
,,0.241
,,0.225
,,0.210
,,0.197
,,0.185
,,0.173
,,0.163
,,0.155
,,0.146
,,0.138
,,0.130
,,0.123
,,0.115
,,0.111
,,0.104
,,0.099
,,0.092
,,0.086
,,0.082
,,0.078
,,0.071
,,0.064
,,0.064
,,0.058
,,0.055
,,0.053
,,0.048
,,0.048
,,0.046
,,0.042
,,0.043
,,0.040
,,0.040
,,0.038
,,0.037
,,0.036
,,0.037
,,0.035
,,0.035
,,0.033
,,0.032
,,0.032
,,0.031
,,0.030
,,0.031
,,0.028
,,0.028
,,0.026
,,0.025
,,0.024
,,0.025
,,0.025
,,0.024
,,0.022
,,0.022
,,0.020
,,0.021
,,0.020
,,0.018
,,0.019
,,0.017
,,0.018
,,0.017
,,0.016
,,0.016
,,0.015
,,0.015
,,0.014
,,0.014
,,0.014
,,0.012
,,0.013
,,0.012
,,0.012
,,0.011
,,0.010
,,0.009
,,0.009
,,0.009
,,0.008
,,0.008
,,0.009
,,0.008
,,0.008
,,0.008
,,0.007
,,0.007
,,0.009
,,0.010
,,0.009
,,0.012
,,0.015
,,0.017
,,0.026
,,0.036
,,0.051
,,0.070
,,0.096
,,0.140
,,0.206
,,0.296
,,0.389
,,0.478
,,0.563
,,0.642
,,0.710
,,0.775
,,0.843
,,0.914
,,0.971
,,0.996
,,1.022
,,1.052
,,1.092
,,1.124
,,1.127
,,1.134
,,1.144
,,1.151
,,1.162
,,1.168
,,1.172
,,1.178
,,1.179
,,1.184
,,1.188
,,1.190
,,1.193
,,1.195
,,1.196
,,1.200
,,1.201
,,1.206
,,1.205
,,1.208
,,1.211
,,1.212
,,1.212
,,1.214
,,1.216
,,1.219
,,1.220
,,1.221
,,1.222
,,1.224
,,1.226
,,1.228
,,1.229
,,1.229
,,1.229
,,1.229
,,1.230
,,1.228
,,1.228
,,1.227
,,1.227
,,1.226
,,1.226
,,1.224
,,1.223
,,1.222
,,1.222
,,1.219
,,1.211
,,1.205
,,1.195
,,1.192
,,1.185
,,1.174
,,1.151
,,1.137
,,1.118
,,1.084
,,1.054
,,1.038
,,1.023
,,1.006
,,0.991
,,0.975
,,0.959
,,0.940
,,0.911
,,0.838
,,0.781
,,0.739
,,0.690
,,0.630
,,0.573
,,0.517
,,0.460
,,0.421
,,0.385
,,0.365
,,0.346
,,0.327
,,0.310
,,0.293
,,0.280
,,0.268
,,0.253
,,0.238
,,0.223
,,0.206
,,0.193
,,0.183
,,0.172
,,0.161
,,0.153
,,0.143
,,0.133
,,0.127
,,0.120
,,0.114
,,0.107
,,0.100
,,0.094
,,0.087
,,0.082
,,0.076
,,0.070
,,0.066
,,0.062
,,0.058
,,0.055
,,0.051
,,0.049
,,0.048
,,0.045
,,0.045
,,0.042
,,0.042
,,0.040
,,0.038
,,0.037
,,0.037
,,0.034
,,0.035
,,0.034
,,0.031
,,0.033
,,0.032
,,0.030
,,0.032
,,0.026
,,0.030
,,0.028
,,0.028
,,0.026
,,0.026
,,0.024
,,0.023
,,0.024
,,0.024
,,0.023
,,0.022
,,0.022
,,0.022
,,0.020
,,0.021
,,0.019
,,0.019
,,0.017
,,0.017
,,0.017
,,0.015
,,0.015
,,0.014
,,0.014
,,0.013
,,0.014
,,0.013
,,0.012
,,0.013
,,0.012
,,0.012
,,0.010
,,0.009
,,0.009
,,0.009
,,0.009
,,0.010
,,0.008
,,0.009
,,0.008
,,0.008
,,0.009
,,0.008
,,0.009
,,0.010
,,0.011
,,0.013
,,0.016
,,0.019
,,0.025
,,0.036
,,0.053
,,0.070
,,0.096
,,0.141
,,0.208
,,0.297
,,0.391
,,0.481
,,0.565
,,0.643
,,0.713
,,0.780
,,0.846
,,0.919
,,0.972
,,0.995
,,1.024
,,1.052
,,1.090
,,1.122
,,1.127
,,1.135
,,1.143
,,1.152
,,1.162
,,1.168
,,1.172
,,1.176
,,1.180
,,1.184
,,1.185
,,1.187
,,1.190
,,1.194
,,1.196
,,1.199
,,1.201
,,1.202
,,1.207
,,1.207
,,1.210
,,1.213
,,1.213
,,1.215
,,1.216
,,1.218
,,1.220
,,1.221
,,1.223
,,1.224
,,1.227
,,1.229
,,1.230
,,1.230
,,1.229
,,1.228
,,1.228
,,1.228
,,1.228
,,1.226
,,1.228
,,1.226
,,1.226
,,1.224
,,1.224
,,1.223
,,1.220
,,1.218
