203.98,0.090803
203.21,0.14828
205.02,0.16549
204.03,0.20719
203.21,0.23057
204.62,0.60835
202.84,0.62767
201.34,0.65526
196.98,0.67032
185.94,0.70209
183.27,0.71638
179.23,0.73523
176.09,0.74928
169.39,0.76433
158.64,0.78095
150.14,0.79826
142.87,0.81299
131.32,0.83336
121.96,0.84701
115.27,0.86762
106.05,0.88186
101.45,0.90065
98.89,0.92674
93.4,0.96809
90.59,1.0041
90.81,1.0382
91.28,1.0811
90.02,1.1139
89.87,1.1519
92.47,1.1849
89.78,1.2413
90.94,1.2853
92.28,1.331
91.29,1.3766
92.34,1.3914
91.52,1.4598
87.74,1.476
89.87,1.5131
93.46,1.5778
91.9,1.5944
90.07,1.6255
90.45,1.6971
94.04,1.7429
88.14,1.7596
91.42,1.7939
96.08,1.8367
94.22,1.8736
92.82,1.9408
102.13,1.9565
106.2,1.9919
110.27,2.0592
123.07,2.0757
138.75,2.1391
156.55,2.1561
180.1,2.2168
189.17,2.2621
207.73,2.3087
246.1,2.3248
292.24,2.3547
361.86,2.4212
439.91,2.4624
517.24,2.5054
594,2.553
631.37,2.5655
729.49,2.6377
960.68,2.6509
1050.5,2.6826
1118.8,2.7195
1163.2,2.7584
1198.2,2.8286
1201.9,2.8775
1192.2,2.8916
1218.9,2.919
1237.7,2.9869
1246.6,3.027
1227.5,3.0734
1226.6,3.0899
1244.8,3.1532
1241.5,3.1661
1259.6,3.2062
1254.8,3.2709
1245.7,3.2835
1230.3,3.349
1249.7,3.3908
1245.9,3.4404
1258.8,3.4566
1242.6,3.5146
1228.6,3.5561
1244.5,3.599
1247.5,3.6125
1238,3.6744
1258.6,3.725
1240.1,3.7402
1223.5,3.7751
1240.2,3.8107
1237.6,3.8757
1239.3,3.9193
1244.8,3.9325
1243.5,4.0001
1225.2,4.0488
1227.8,4.0623
1254.2,4.0908
1234.8,4.1585
1242.7,4.2064
1239.3,4.22
1211.5,4.2543
1224.6,4.3262
1233.7,4.34
1225,4.3752
1231,4.4439
1220.7,4.4613
1208.8,4.5256
1224.3,4.541
1242.2,4.6063
1223.8,4.6216
1216.7,4.6583
1217.1,4.7263
1201.3,4.7728
1200.8,4.7884
1226.1,4.8238
1210.1,4.8908
1461.3,4.9077
1554.4,4.9703
1490.2,4.9831
NaN,5.0472
1290.3,5.0901
1163.9,5.1361
1028.4,5.1488
899.47,5.1818
821.84,5.2517
731.83,5.2691
667.87,5.3385
612.63,5.3525
546.37,5.4166
495.21,5.4301
458.21,5.4932
420.86,5.5091
380.98,5.5501
353,5.6162
316.56,5.6313
285.55,5.6715
259.94,5.7418
240.4,5.7595
215.16,5.7923
197.61,5.8572
179.95,5.9038
161.66,5.9163
148.63,5.9768
144.19,5.9916
134.06,6.062
127.04,6.077
120.18,6.1428
120.77,6.1603
115.2,6.2254
115.6,6.24
112.62,6.3087
106.36,6.3251
114.91,6.3547
102.51,6.4268
104.37,6.4421
110.9,6.5062
109.08,6.5202
100.49,6.588
107.18,6.6013
105.85,6.6648
109.22,6.7107
107.53,6.7268
116.23,6.7586
107.77,6.8284
102.06,6.8449
113.09,6.8833
114.9,6.9491
109.69,6.9923
105.77,7.0088
109.59,7.0442
107.07,7.1123
152.76,7.1589
190.78,7.1738
219.19,7.2059
248.74,7.245
270.61,7.3106
292.04,7.359
306.26,7.373
321.74,7.4084
334.53,7.4469
339.06,7.5138
342.98,7.5555
346.47,7.5689
349.95,7.6323
352.37,7.6815
356.14,7.6982
358.31,7.7288
350.3,7.8018
351.8,7.8169
NaN,7.8536
355.06,7.8927
352.07,7.9586
350.83,8.0043
350.49,8.0167
347.3,8.08
349.54,8.1229
351.3,8.137
348.34,8.1988
346.87,8.2486
346.67,8.2613
347.01,8.3255
345.79,8.3384
346.34,8.4023
346.95,8.4437
342.28,8.4889
340.97,8.5017
345.81,8.5621
341.57,8.6108
341.77,8.6265
343.69,8.6601
341.2,8.7265
336.04,8.7679
337.73,8.7814
341.7,8.8413
337.62,8.8868
335.25,8.9286
336.79,8.9727
335.84,8.9902
332.64,9.0238
334.45,9.1011
334.08,9.1144
329.57,9.1522
327,9.1894
329.77,9.2252
326.68,9.2933
327.02,9.3083
327.3,9.3817
323.95,9.3951
321.17,9.4267
321.76,9.4924
324.75,9.5412
320.08,9.5565
320.31,9.59
320.81,9.6628
316.2,9.6792
315.96,9.7088
318.39,9.7779
315.8,9.8245
314.62,9.8398
313.94,9.8733
313.16,9.9402
NaN,9.9829
309.56,10.027
313.14,10.041
310.74,10.074
309.15,10.114
310.42,10.183
307.84,10.225
305.6,10.24
308.51,10.276
307.53,10.35
289.16,10.363
285.57,10.396
279.01,10.459
270.03,10.503
260.16,10.543
242.44,10.586
222.01,10.631
207.79,10.645
193.66,10.683
178.37,10.723
164.66,10.794
151.99,10.809
139.86,10.843
130.98,10.91
125.39,10.959
117.03,10.972
111.75,11.007
110.15,11.046
103.39,11.109
102.11,11.158
100.9,11.174
96.35,11.205
95.1,11.274
96.27,11.289
94.53,11.349
94.33,11.391
95.9,11.438
98.93,11.451
95.56,11.49
98.55,11.558
95.45,11.572
93.62,11.609
96.07,11.651
96.36,11.723
93.97,11.74
97.23,11.771
96.28,11.841
93.99,11.856
98.26,11.925
102.1,11.941
98.23,11.974
100.6,12.039
102.71,12.084
104.59,12.097
112.64,12.157
120.56,12.207
134.82,12.223
147.82,12.286
172.6,12.3
201.17,12.361
234.53,12.407
294.57,12.422
364.25,12.483
415.5,12.524
481.01,12.575
581.08,12.593
660.56,12.625
792.06,12.661
858.53,12.737
920.08,12.749
979.19,12.786
1023.6,12.85
1063.6,12.898
1083.6,12.911
1140.8,12.942
1239.3,13.013
1303.8,13.058
1367.2,13.073
1425,13.107
1414,13.181
1470.3,13.194
1499.6,13.225
1495.9,13.294
1494.8,13.31
1538.8,13.378
1566,13.426
1587.8,13.443
1627.3,13.473
1657.5,13.543
1621.2,13.559
1623.9,13.59
1684.7,13.657
1638.4,13.672
1655.8,13.712
1658.5,13.777
1639.3,13.822
1638.2,13.837
1695.6,13.874
1691.8,13.939
1656.5,13.982
1670,13.998
1649.5,14.062
1645.2,14.084
1716.4,14.115
1678,14.187
1645,14.2
1651.6,14.259
1629,14.304
1646.9,14.344
1660.7,14.391
1672.6,14.407
1632.5,14.441
1639.7,14.509
1630.8,14.525
1621.9,14.56
1661.4,14.629
1660.6,14.671
1640.9,14.684
1625.5,14.744
1617.2,14.789
1606.5,14.835
1639.5,14.875
1588.7,14.891
1405.7,14.926
1378,15.007
1327.6,15.023
1266.9,15.053
1209.6,15.085
1117.9,15.149
1018.4,15.194
924.97,15.239
823.37,15.256
734.89,15.327
655.92,15.343
586.18,15.375
522.85,15.414
462.87,15.448
409.01,15.516
369.61,15.558
321.9,15.574
286.85,15.646
258.4,15.66
225.33,15.692
199.14,15.765
183.07,15.778
168.44,15.843
155.41,15.859
151.12,15.925
138.37,15.939
130.95,15.975
128.61,16.046
120.98,16.059
110.24,16.138
112.77,16.15
113.51,16.184
107.44,16.22
109.01,16.284
110.51,16.33
113.22,16.344
101.71,16.408
106.43,16.425
106.73,16.46
108.24,16.501
104.07,16.565
106.61,16.609
102.24,16.625
109.83,16.69
99.86,16.733
104.41,16.775
102.6,16.792
105.82,16.854
101.17,16.868
95.87,16.903
112.17,16.975
113.68,16.991
103.91,17.056
124.5,17.069
142.64,17.106
156.48,17.176
213.77,17.191
230.51,17.226
245.74,17.291
250,17.337
253.91,17.382
254.71,17.395
250.33,17.458
255.71,17.474
256.66,17.54
255.99,17.553
258.07,17.618
259.72,17.633
255.59,17.695
255.67,17.74
259.19,17.782
258.23,17.796
257.38,17.859
258.32,17.903
256.12,17.941
253.38,17.988
258.01,18.002
258.87,18.072
255.53,18.085
256.72,18.144
256.51,18.187
252.81,18.2
256.53,18.267
258.91,18.308
256.9,18.325
260.11,18.386
NaN,18.429
265.37,18.476
264.72,18.494
269.56,18.524
274.18,18.593
277.09,18.609
278.6,18.673
287.11,18.688
289.61,18.722
292.99,18.791
296.06,18.806
300.69,18.87
303.32,18.922
306.25,18.936
317.59,18.976
316.21,19.012
317.93,19.05
319.33,19.117
320.04,19.133
319.64,19.166
320.82,19.226
323.68,19.274
322.72,19.324
317.34,19.339
319.48,19.373
320.48,19.443
319.4,19.459
321.17,19.491
321.77,19.558
318.82,19.606
316.71,19.618
320.09,19.659
318.01,19.694
NaN,19.735
318.7,19.807
321.04,19.821
315.9,19.854
317.67,19.93
318.79,19.944
319.11,19.976
316.68,20.039
317.82,20.091
314.85,20.106
315.76,20.165
318.72,20.207
320.28,20.249
317.16,20.263
315.17,20.327
333.68,20.341
356.05,20.406
354.86,20.449
354.73,20.462
342.7,20.5
328.23,20.567
314.11,20.609
293.76,20.658
274.33,20.675
258.79,20.707
242.52,20.742
221.68,20.809
210.66,20.853
198.8,20.866
183.46,20.907
172.59,20.972
163.71,21.016
151.69,21.031
141,21.091
135.39,21.137
128.29,21.15
120.48,21.217
111.78,21.267
108.85,21.281
106.93,21.309
105.3,21.375
108.09,21.419
107.34,21.432
105.79,21.494
106.17,21.542
104.45,21.558
106.38,21.591
111.32,21.667
108.6,21.68
107.23,21.745
105.6,21.758
113.17,21.831
106.83,21.847
104.83,21.881
111.8,21.942
109.97,21.985
99.85,22.029
109.42,22.043
127.42,22.076
112.95,22.116
108.39,22.178
124.97,22.224
140.32,22.271
156.63,22.284
193.8,22.35
224.2,22.363
247.46,22.398
317.83,22.442
397.56,22.482
445.19,22.549
540.39,22.59
598.3,22.604
615.28,22.667
694.37,22.707
838.03,22.762
908.44,22.776
998.12,22.81
1058.2,22.876
1129.2,22.892
1193.8,22.954
1256.6,22.967
1317.2,23.028
1373.5,23.074
1415.1,23.119
1444.9,23.132
1453.6,23.194
1467,23.243
1466,23.26
1475.9,23.293
1514.1,23.33
1515,23.392
1498.2,23.439
1509.9,23.452
1508.4,23.517
1535.4,23.565
1544.6,23.579
1542.4,23.643
1537,23.657
1526.3,23.724
1523.3,23.74
1542.7,23.803
1563.1,23.818
1556,23.883
1540.9,23.94
1520.5,23.953
1518.8,23.983
1579.9,24.018
1569.9,24.086
1535.3,24.099
1547.5,24.159
1539.6,24.206
1532.1,24.249
1568.6,24.262
1574.3,24.328
1543,24.345
1537,24.405
1540.3,24.45
1552.9,24.489
1553.7,24.53
1578.9,24.575
1551,24.592
1523.3,24.654
1540.6,24.666
1539.3,24.741
1538.8,24.757
1555.4,24.787
1551.9,24.859
1528.4,24.874
1224.4,24.906
1195.7,24.977
1177.3,24.992
1166.6,25.058
1107.8,25.072
1028.4,25.111
970.95,25.176
906.55,25.193
823.43,25.255
738.89,25.304
654.65,25.317
576.89,25.376
514.36,25.423
468.36,25.436
430.19,25.473
395.92,25.545
364.92,25.561
339.97,25.593
302.01,25.66
274.34,25.707
246.35,25.724
219.84,25.76
201.61,25.793
177.73,25.839
161.67,25.91
144.4,25.925
135.27,25.957
129.74,26.028
123.94,26.043
118.6,26.111
114.51,26.126
112.07,26.159
113.71,26.226
108.68,26.24
102.67,26.311
104.97,26.326
101.31,26.384
92.08,26.424
97.31,26.471
99.52,26.512
96.11,26.56
97.59,26.577
93.24,26.603
99.43,26.671
106.91,26.684
97.14,26.759
99.26,26.774
102.89,26.838
102.25,26.851
111.56,26.888
109.2,26.958
106.21,26.979
122.31,27.01
123.62,27.078
156.61,27.121
194.63,27.134
253.68,27.174
281.33,27.211
312.76,27.278
330.93,27.321
347.19,27.333
351.33,27.393
358.35,27.435
354.93,27.475
354.09,27.52
355.99,27.566
362.66,27.58
361.07,27.649
361.16,27.662
360.26,27.694
359.58,27.763
361.94,27.806
365.83,27.82
360.62,27.89
359.2,27.905
362.75,27.962
359.72,28.011
360.37,28.025
364.9,28.06
361.81,28.103
357.18,28.164
358.22,28.21
357.87,28.228
356.51,28.292
361.26,28.308
362.07,28.374
356.79,28.387
356.01,28.426
357.36,28.493
355.46,28.508
353.4,28.575
360.68,28.591
357.11,28.623
351.86,28.695
354.48,28.709
357.1,28.776
354.36,28.792
354.13,28.855
355.47,28.87
350.03,28.905
350.49,28.976
355.27,28.993
353.73,29.061
349.1,29.076
352.65,29.144
348.02,29.16
347.26,29.191
348.51,29.239
349.87,29.278
346.8,29.315
343.69,29.351
346.46,29.39
343.42,29.46
345.51,29.475
348.97,29.539
343.67,29.582
340.98,29.627
342.24,29.644
342.93,29.674
341.24,29.747
342.31,29.789
341.28,29.802
338.28,29.841
335.88,29.877
339.84,29.95
340.39,29.963
336.51,30.025
336.33,30.073
335.08,30.087
331.49,30.123
333.38,30.189
335.45,30.202
334.92,30.265
328.67,30.311
330.35,30.359
318.63,30.375
312.33,30.409
309.9,30.442
299.49,30.514
282.68,30.572
262.84,30.585
243.49,30.62
224.97,30.662
211.95,30.694
196.52,30.732
178.04,30.766
165.93,30.826
154.3,30.874
144.05,30.922
135.84,30.936
130.56,30.969
121.95,31.041
113.95,31.058
111.44,31.096
105.53,31.13
101.69,31.206
100.93,31.218
99.08,31.251
96.24,31.318
95.89,31.36
95.29,31.404
93.81,31.419
94.21,31.488
94.96,31.505
93.21,31.54
92.11,31.574
93.56,31.651
94.52,31.664
94.85,31.695
94.44,31.772
97.79,31.784
99.97,31.822
102.22,31.892
90.35,31.908
95.25,31.972
100.31,31.985
99.83,32.051
96.42,32.096
98.51,32.112
97.64,32.145
105.14,32.21
124.8,32.226
128.84,32.295
149.26,32.31
171.1,32.345
201.19,32.417
254.82,32.431
309.97,32.472
344.13,32.507
348.67,32.575
438.97,32.589
551.82,32.625
640.59,32.668
679.26,32.733
726.2,32.781
739.73,32.794
757.33,32.839
766.46,32.876
823.44,32.912
828.65,32.979
840.95,32.993
864.73,33.061
863.9,33.077
859.87,33.109
865.64,33.15
868.53,33.216
861.92,33.259
874.24,33.308
881.68,33.322
870.06,33.353
869.18,33.421
875.16,33.434
870.83,33.5
884.17,33.516
895.7,33.584
882.64,33.627
865.31,33.642
876.34,33.709
879.91,33.724
872.29,33.76
883.8,33.841
880.7,33.858
866.37,33.885
875.16,33.918
881.68,33.983
872.69,34.027
877.86,34.041
878.66,34.109
870.42,34.125
865.55,34.161
881.38,34.233
874.55,34.247
877.93,34.311
872.71,34.354
877.8,34.367
869.46,34.434
877.41,34.448
885.46,34.512
875.09,34.559
874.29,34.574
870.08,34.607
871.06,34.676
872.22,34.693
868.24,34.726
886.54,34.773
867.99,34.837
861.42,34.851
956.73,34.916
1049.4,34.958
1026.8,35.003
1011.6,35.016
969.8,35.077
906.33,35.123
870.52,35.137
798.21,35.2
726.34,35.214
673.16,35.275
610.25,35.323
549.74,35.337
513.08,35.405
474.59,35.418
431.99,35.479
394.17,35.531
365.85,35.544
331.68,35.604
307.2,35.619
281.19,35.656
250.47,35.728
226.16,35.742
207.98,35.808
192.23,35.823
173.39,35.886
164.42,35.928
154.58,35.978
145.99,35.994
141.16,36.027
138.19,36.068
132.69,36.106
139.29,36.142
121.56,36.21
123.8,36.256
116.79,36.27
115.47,36.332
116.72,36.378
112.61,36.396
114.41,36.428
112.15,36.47
110.72,36.508
113,36.547
109.49,36.607
116.17,36.659
108.15,36.673
114.59,36.737
106.86,36.751
110.05,36.794
128.69,36.827
115.03,36.897
124.22,36.943
128.16,36.96
129.38,36.992
141.91,37.063
160.45,37.079
189.37,37.143
221.36,37.165
240.62,37.192
248.08,37.262
NaN,37.279
284.35,37.342
303.81,37.389
316.54,37.402
327.99,37.435
339.26,37.504
353.61,37.518
367.67,37.577
378.07,37.625
390.85,37.671
402.81,37.686
416.92,37.721
434.29,37.759
457.73,37.827
472.5,37.844
483.69,37.911
499.02,37.927
510.77,37.961
526.18,38.028
547.18,38.075
553.75,38.092
555.73,38.124
557.39,38.193
566.58,38.208
572.86,38.272
582.45,38.286
585.42,38.327
587.62,38.407
604.04,38.42
627.98,38.455
637.12,38.49
644.45,38.526
644.61,38.594
638.93,38.609
643.59,38.674
647.49,38.687
644.28,38.729
647.77,38.808
648.97,38.825
641.54,38.857
644.23,38.893
647.32,38.96
643,38.976
646.74,39.037
644,39.051
638.94,39.117
639.02,39.168
644.21,39.181
639.51,39.213
641.49,39.284
644.35,39.297
635.49,39.361
635.88,39.378
641.82,39.415
639.73,39.487
634.75,39.5
638.86,39.568
630.28,39.582
635.64,39.617
638.22,39.685
636.36,39.727
639.9,39.775
637.02,39.792
627.4,39.825
636.05,39.859
640.17,39.927
632.25,39.942
624.1,40.008
633.22,40.051
629.35,40.093
627.38,40.108
635.93,40.141
631.41,40.209
625.98,40.259
630.15,40.274
623.75,40.329
575.28,40.378
533.83,40.392
527.86,40.426
511.88,40.495
493.93,40.509
465.87,40.578
426.55,40.594
399.54,40.663
363.67,40.681
328.03,40.71
299.07,40.778
266.35,40.823
242.16,40.838
218.81,40.87
193.92,40.94
176.45,40.952
158.71,41.018
141.24,41.063
132.12,41.077
119.71,41.143
108.08,41.158
100.83,41.212
97.25,41.258
94.1,41.3
92.27,41.353
93.12,41.366
90.79,41.395
91.63,41.46
92.46,41.506
89.47,41.519
91.21,41.579
91.11,41.625
92.52,41.673
92.51,41.686
89.65,41.719
92.43,41.761
93.14,41.832
95.09,41.845
89.74,41.91
93.95,41.952
103.3,41.966
96.91,42.027
99.22,42.075
93.8,42.089
100.15,42.145
103.3,42.193
87.71,42.233
110.85,42.277
143.68,42.292
182.08,42.358
227.2,42.37
284.19,42.438
329.59,42.45
392.34,42.512
444.93,42.561
478.41,42.576
593.31,42.608
709.13,42.673
822.7,42.722
860.62,42.736
879.67,42.773
926.71,42.812
934.1,42.886
937.69,42.901
953.25,42.936
970.73,42.996
972.11,43.046
975.08,43.061
975.41,43.094
978.98,43.16
998.01,43.206
1001.3,43.219
993.95,43.29
997.33,43.305
991.72,43.339
989.37,43.406
1003.4,43.418
1012,43.484
997.83,43.528
999.71,43.543
1003.9,43.607
1005.9,43.623
1003.7,43.686
1009,43.737
1005.7,43.749
998.74,43.81
1003.2,43.825
1009.6,43.86
1016.5,43.928
1011,43.973
1011,43.993
995.09,44.028
1000.5,44.061
1012.4,44.136
1008.5,44.177
1011.3,44.195
1009.9,44.224
998.61,44.295
1009.7,44.312
1013.4,44.379
1003.6,44.393
1011.1,44.43
1000.7,44.494
1003.7,44.537
1010.2,44.575
1014,44.591
999.57,44.657
1008,44.707
1001,44.72
982.88,44.758
1003.8,44.795
1007.9,44.86
999.04,44.874
1011.1,44.917
988.33,44.975
964.56,45.025
941.61,45.039
903.58,45.11
841.34,45.126
776.49,45.168
714.33,45.204
657.17,45.264
600.49,45.308
554.41,45.32
502.36,45.384
454.68,45.425
426.15,45.439
391.76,45.506
362.11,45.521
335.09,45.589
305.03,45.603
274.81,45.64
246.21,45.71
228.13,45.728
206.35,45.76
191.6,45.829
175.58,45.878
160.06,45.894
151.84,45.926
140.05,45.993
137.6,46.01
126.53,46.074
133.27,46.087
118.48,46.126
118.94,46.165
117.95,46.236
118.87,46.25
114.55,46.311
110.24,46.355
115.79,46.4
108.78,46.414
116.38,46.474
121.27,46.515
112.7,46.564
100.59,46.578
113.62,46.61
114.33,46.678
111.8,46.726
113.7,46.74
110.4,46.778
116.43,46.813
121.99,46.876
126.14,46.92
142.67,46.963
143.66,47.011
152.77,47.027
170.93,47.063
162.82,47.095
218.91,47.16
240.01,47.207
251.72,47.22
258.84,47.282
264.77,47.326
266.98,47.342
269.53,47.417
273.37,47.432
276.86,47.472
282.23,47.508
294.05,47.544
303.73,47.586
313.93,47.621
325.89,47.679
329.2,47.726
343.27,47.776
358.8,47.792
371.16,47.821
371.78,47.887
375.73,47.925
382.43,47.975
385.3,47.993
385.34,48.052
393.95,48.101
399.69,48.115
401.31,48.151
399.82,48.188
405.14,48.254
405.91,48.299
406.35,48.313
412.93,48.378
409.7,48.393
405.42,48.428
408.67,48.469
412.7,48.542
411.5,48.556
410.83,48.621
410,48.662
408.83,48.677
411.09,48.743
412.66,48.759
411.63,48.82
408.41,48.836
407.6,48.873
410.77,48.943
411.31,48.984
411.45,48.999
412.15,49.062
411.34,49.078
407.9,49.151
411.43,49.166
411.08,49.205
410.59,49.242
412.35,49.31
411.84,49.327
407.99,49.361
412.36,49.43
417.46,49.446
419.67,49.481
427.2,49.546
435.11,49.593
434.14,49.606
432.98,49.649
440.94,49.685
438.21,49.753
433.41,49.767
436.51,49.804
437.03,49.844
436.4,49.913
440.67,49.927
434.37,49.993
432.75,50.007
437.14,50.074
436.42,50.12
433.42,50.133
435.74,50.17
434.88,50.24
430.39,50.253
432.27,50.292
438.67,50.332
478.61,50.394
479.79,50.44
472,50.452
457.28,50.491
436.52,50.561
414.94,50.576
384.58,50.644
353.31,50.66
325.61,50.722
301.04,50.739
276.3,50.777
258.22,50.819
237.95,50.854
218.27,50.917
203.15,50.963
186.81,51.005
169.3,51.019
154.87,51.055
141.99,51.117
127.67,51.159
118.28,51.208
116.25,51.22
112.43,51.289
110.21,51.303
109.56,51.343
105.7,51.38
105.17,51.445
104.98,51.493
105.48,51.51
101.73,51.541
107.17,51.608
105.09,51.626
106.82,51.694
105.55,51.711
106.85,51.743
108.02,51.813
112.59,51.858
108.16,51.872
104.35,51.904
110.4,51.944
111.72,52.011
105.47,52.061
106.34,52.077
112.28,52.105
120.66,52.178
118.52,52.194
128.87,52.226
146.92,52.295
164.55,52.342
200.16,52.357
244.63,52.414
319.08,52.433
387.5,52.498
461.4,52.541
517.41,52.554
702.03,52.591
669.92,52.662
740.2,52.679
782.79,52.746
801.24,52.762
809.92,52.799
812.9,52.863
825,52.879
840.41,52.941
832.05,52.99
845.56,53.003
841.48,53.036
837.19,53.075
852.23,53.142
863.56,53.189
860.53,53.202
861.26,53.263
860.71,53.308
871.23,53.32
860.88,53.385
870.68,53.431
877.41,53.474
860.12,53.486
879.56,53.554
879.59,53.567
878.45,53.601
894.45,53.661
886.2,53.705
880.99,53.749
880.98,53.794
894.26,53.811
893.35,53.843
893.2,53.911
892.93,53.959
889.9,53.974
888.32,54.03
892.76,54.079
896.17,54.094
904.26,54.13
899.05,54.199
888.81,54.243
894.34,54.261
896.85,54.294
896.99,54.329
899.38,54.401
889.47,54.415
891.23,54.484
892.47,54.498
898.89,54.536
902.64,54.573
898.04,54.643
891.45,54.659
881.95,54.693
887.48,54.763
894.99,54.81
892.69,54.826
899.06,54.883
774.05,54.925
708.29,54.938
708.25,54.999
696.61,55.042
677.8,55.092
636.75,55.109
604.52,55.139
563.82,55.202
528.11,55.246
487.89,55.299
450.52,55.314
410.33,55.343
380.56,55.41
357.11,55.427
326.07,55.461
308.4,55.528
281.52,55.572
252.67,55.584
236.59,55.646
214.17,55.692
195.97,55.706
184.5,55.766
175.35,55.809
157.98,55.854
149.45,55.869
145.27,55.933
127.43,55.976
127.69,55.992
123.11,56.026
115.62,56.067
112.15,56.128
113.28,56.176
113.79,56.227
105.86,56.244
107.01,56.28
101.06,56.313
104.05,56.379
104.84,56.429
105.71,56.451
103.48,56.478
92.4,56.516
101.87,56.554
98.19,56.62
104.02,56.634
96.88,56.701
97.99,56.744
93.33,56.76
98.09,56.828
94.62,56.844
108.53,56.878
96.66,56.945
111.7,56.963
108.07,57.027
113.45,57.044
116.76,57.111
156.43,57.127
204.35,57.19
244.53,57.204
303.08,57.241
348.06,57.313
394.46,57.328
450.19,57.359
476.66,57.426
499.57,57.466
523.08,57.51
574.56,57.528
559.2,57.601
579.53,57.615
586.35,57.642
587.56,57.712
608.1,57.728
616.62,57.795
640.39,57.811
673.59,57.874
675.73,57.89
665.81,57.955
678.31,57.968
674.06,58.029
676.39,58.078
680.25,58.123
680.38,58.137
670.72,58.198
675.7,58.242
681.68,58.26
677.95,58.289
685.63,58.362
681.4,58.376
670.68,58.413
675.78,58.453
683.61,58.522
675.81,58.538
679.21,58.577
674.21,58.642
668.76,58.654
672.77,58.729
682.14,58.746
673.42,58.778
672.45,58.818
673.55,58.885
666.49,58.899
665.03,58.964
677.38,59.01
672.18,59.025
663.78,59.085
667.15,59.128
658.45,59.144
662.24,59.18
671.43,59.249
665.94,59.265
661.89,59.333
663.74,59.377
656.25,59.394
657.03,59.426
667.9,59.461
660.36,59.537
655.83,59.55
656.01,59.615
648.71,59.63
655.48,59.664
661.52,59.728
655.22,59.775
652.22,59.788
646.39,59.855
645.83,59.867
647.48,59.933
650.81,59.978
642.47,59.995
643.83,60.027
639.74,60.096
637.56,60.142
644.63,60.154
645.02,60.218
638.22,60.263
636.47,60.277
631.77,60.345
656.08,60.36
662.51,60.391
651.02,60.462
622.17,60.478
579.49,60.545
534.12,60.56
479.72,60.628
434.85,60.644
391.03,60.675
351.47,60.752
305.96,60.766
272.36,60.797
241.11,60.86
212.77,60.908
190.28,60.921
170.49,60.966
153.93,61.007
139.96,61.042
132.39,61.08
121.22,61.149
113.43,61.196
110.27,61.21
105.17,61.241
103.44,61.31
102.09,61.355
101.15,61.367
100.6,61.4
100.06,61.47
100.04,61.513
97.97,61.559
95.97,61.574
105.61,61.61
98.3,61.644
100.16,61.713
99.59,61.733
94.21,61.794
93.17,61.808
102.6,61.847
101.3,61.913
97.03,61.96
101.88,61.973
101.64,62.037
100.96,62.051
101.93,62.127
96.37,62.144
108.97,62.177
111.03,62.214
129.47,62.286
139.06,62.3
175.27,62.361
212.79,62.376
243.15,62.447
346.76,62.462
395,62.493
446.57,62.563
580.26,62.578
686.6,62.644
733.1,62.688
839.03,62.701
891.44,62.762
916.95,62.809
938.3,62.821
952.25,62.863
958.41,62.93
958.56,62.944
958.22,63.008
981.4,63.021
989.89,63.079
991.95,63.129
994.39,63.143
985.55,63.211
981.13,63.227
1003,63.294
1009.6,63.31
1006.1,63.371
1011.1,63.384
997.53,63.447
1000.1,63.491
1020.9,63.536
1046.4,63.549
1024.9,63.609
1033.9,63.661
1021.1,63.678
1016.8,63.71
1031.3,63.745
1035.5,63.811
1030,63.859
1035.6,63.871
1026.3,63.907
1023.1,63.975
1041.7,64.02
1041.9,64.032
1032.7,64.099
1041.1,64.145
1039.3,64.16
1035.9,64.193
1047.8,64.262
1044.3,64.277
1036.3,64.31
1046.5,64.38
1040.4,64.427
1018.6,64.445
1046.6,64.472
1045.8,64.542
1033,64.556
1045.6,64.621
1035.1,64.672
1034.8,64.684
1033.8,64.745
1053.5,64.761
1041.4,64.829
1047.6,64.844
1052.5,64.879
1104.3,64.945
1113.7,64.992
1100.4,65.005
1072.3,65.063
1015.9,65.109
922.13,65.124
858.58,65.193
782.36,65.206
701.81,65.274
633.38,65.287
574.11,65.345
515.72,65.393
465.08,65.406
435.8,65.463
402.25,65.513
374.74,65.559
345.61,65.574
316.97,65.61
286,65.646
255.91,65.686
224.6,65.753
203.91,65.798
191.95,65.843
182.15,65.858
166.57,65.914
162.39,65.96
155.89,65.977
145.63,66.01
138.33,66.078
135.9,66.094
130.51,66.162
130.86,66.179
132.97,66.242
131.92,66.256
120.28,66.295
132.06,66.334
127.74,66.398
122.67,66.444
126.03,66.459
123.79,66.518
123.31,66.563
125.47,66.609
121.57,66.624
111.89,66.662
135.06,66.707
132.59,66.739
136.04,66.779
139.51,66.846
133.34,66.862
148.32,66.93
155.43,66.946
161.62,67.009
183.65,67.024
216.65,67.086
248.56,67.13
296.87,67.144
300.61,67.209
324.52,67.222
350.95,67.291
366.9,67.306
377.04,67.371
386.08,67.419
385.28,67.433
394.35,67.474
418.13,67.505
400.05,67.573
403.4,67.586
412.78,67.646
413.65,67.694
419.23,67.74
423.41,67.754
423.12,67.797
421.66,67.829
426.94,67.898
429.52,67.913
428.38,67.98
434.4,67.995
464.17,68.061
489.16,68.075
535.41,68.112
576.39,68.178
602.78,68.227
632.33,68.243
657.24,68.274
657.13,68.346
668.53,68.361
679.96,68.394
684.79,68.461
681.75,68.508
683.57,68.521
684.22,68.579
679.6,68.626
681.4,68.673
692.13,68.689
682.11,68.721
684.24,68.786
690.38,68.826
682.89,68.87
685.9,68.884
692.89,68.919
690.19,68.959
688.05,69.032
689.09,69.047
688,69.08
680.66,69.146
688.15,69.163
691.73,69.235
690.37,69.249
680.76,69.284
678.26,69.352
680.72,69.366
676.88,69.43
683.85,69.479
687.78,69.495
676.51,69.53
676.58,69.566
679.91,69.63
678.16,69.678
676.81,69.695
682.65,69.726
675.02,69.797
672.14,69.814
674.96,69.88
670.56,69.896
671.59,69.928
672,70
673.98,70.049
664.74,70.064
666.94,70.094
665.61,70.133
662.59,70.198
664.64,70.246
669.07,70.261
661.45,70.294
625.48,70.366
548.8,70.379
538.18,70.448
529.52,70.463
511.51,70.501
477.83,70.564
431.6,70.611
395.3,70.627
NaN,70.691
329.36,70.704
291.3,70.738
260.41,70.779
231.31,70.847
201.71,70.891
185.8,70.904
171,70.939
151.57,71.008
136.08,71.021
127.17,71.061
117.38,71.128
110.39,71.177
104.71,71.199
100.52,71.226
97.32,71.296
NaN,71.312
95.41,71.344
93,71.416
93.19,71.46
91.97,71.476
91.79,71.511
86.73,71.58
87.88,71.595
90.04,71.627
92.35,71.697
89.85,71.711
NaN,71.778
89.71,71.795
87.37,71.829
91.81,71.897
NaN,71.943
91.4,71.957
92.44,72.023
NaN,72.037
92.72,72.07
93.7,72.142
89.19,72.155
101.21,72.213
128.36,72.264
129.3,72.304
148.38,72.319
186.29,72.359
236.45,72.398
298.34,72.465
364.91,72.482
461.25,72.545
514.02,72.56
626.75,72.627
833.02,72.643
814.96,72.681
868.52,72.753
876.52,72.767
888.97,72.808
898.51,72.841
907.2,72.909
926.53,72.923
929.4,72.991
938.16,73.006
924.1,73.068
922.13,73.113
942.91,73.133
943.01,73.194
959.04,73.208
955.57,73.244
949.15,73.317
940.62,73.33
959.24,73.362
959.23,73.43
965,73.476
974.51,73.493
962.01,73.528
952.94,73.596
968.89,73.611
972.96,73.681
967.67,73.695
969.1,73.762
970.83,73.777
957.9,73.842
967.71,73.856
978.74,73.896
963.03,73.967
972.33,73.981
975.4,74.015
967.65,74.077
965.41,74.123
975.62,74.136
971.41,74.201
971.23,74.247
976.8,74.261
973.81,74.294
956.94,74.364
967.01,74.38
978.66,74.422
976.17,74.458
971.93,74.495
972.97,74.562
965.57,74.609
954.19,74.623
978.3,74.66
983.85,74.732
967.29,74.746
966.98,74.779
962.26,74.845
956.57,74.89
1085.9,74.903
1107,74.964
1092.8,75.01
1043.8,75.025
994.95,75.088
941.97,75.135
870.98,75.148
797.34,75.212
732.14,75.257
650.53,75.27
591.83,75.332
537.81,75.381
487.37,75.396
437.26,75.427
406.58,75.497
365.42,75.512
329.01,75.576
304.46,75.591
280.6,75.658
255.84,75.674
231.21,75.712
213.49,75.784
194.72,75.801
183.6,75.829
172.81,75.9
160.64,75.915
157.43,75.952
147.83,76.011
141.29,76.062
133.14,76.077
133.05,76.147
133.57,76.162
127.57,76.226
125.5,76.238
126.54,76.277
124.26,76.345
109.16,76.361
129.28,76.422
122.41,76.469
122.33,76.483
127.65,76.546
120.99,76.592
122.69,76.604
126.47,76.661
127.88,76.71
129.94,76.724
128.5,76.76
129.6,76.832
126.96,76.849
130.15,76.884
149.65,76.926
162.28,76.962
177.05,77.031
218.22,77.079
225.87,77.095
239.39,77.128
250.3,77.195
259.76,77.208
263.45,77.247
274.05,77.311
289.52,77.358
314.5,77.37
348.03,77.44
384.86,77.453
407.97,77.512
437.96,77.558
465.3,77.57
498.27,77.63
528.85,77.678
553.96,77.694
579.62,77.759
609.28,77.772
646.59,77.84
672.13,77.853
681.83,77.914
682.34,77.955
698.89,77.997
686.88,78.045
700.33,78.061
713.18,78.092
713.39,78.161
719.08,78.209
724.58,78.222
719.54,78.254
723.77,78.313
719.6,78.36
729.51,78.406
726.73,78.446
729.14,78.462
730.23,78.522
720.01,78.563
723.96,78.612
726.54,78.627
720.37,78.659
734.76,78.728
722.64,78.742
716.29,78.815
724.5,78.832
725.36,78.865
721.26,78.909
716.98,78.945
720.51,79.009
711.11,79.025
713.51,79.093
720.96,79.106
712.33,79.143
717.89,79.184
714.78,79.253
705.94,79.297
713.12,79.317
716.25,79.347
713.02,79.413
719.36,79.429
710.46,79.494
704.49,79.542
703.43,79.555
711.75,79.619
704.28,79.634
710.13,79.696
710.39,79.745
699.62,79.762
699.01,79.794
702.07,79.861
698.44,79.875
704.03,79.943
703.23,79.956
695.35,79.993
694.91,80.063
699.02,80.08
697.55,80.146
698.04,80.161
697.45,80.195
686.43,80.262
693.6,80.31
692.92,80.323
711.86,80.358
713.11,80.396
691.65,80.467
664.91,80.51
636.68,80.528
588.06,80.56
537.45,80.627
484.08,80.643
428.26,80.707
384.27,80.721
347.51,80.796
312.62,80.812
279.84,80.847
254.93,80.885
230.49,80.947
200.71,80.992
185.7,81.005
170.99,81.074
154.15,81.087
140.99,81.154
127.99,81.199
120.37,81.215
114.14,81.244
113.87,81.314
110.88,81.361
108.26,81.376
106.46,81.412
105.79,81.479
104.19,81.494
108.44,81.561
104.68,81.576
106.77,81.609
98.8,81.676
103.88,81.692
102.78,81.76
103.26,81.776
104.24,81.843
111.45,81.855
104.98,81.922
109.97,81.968
104.81,81.982
110.28,82.02
113.8,82.054
108.75,82.121
112.68,82.163
118.22,82.212
137.22,82.228
151.38,82.258
177.86,82.296
224.51,82.341
293.76,82.378
378.6,82.447
462.85,82.461
506.22,82.528
558.42,82.543
672.38,82.612
739.56,82.628
734.89,82.663
816.49,82.73
862.42,82.744
900.1,82.814
923.07,82.83
941.52,82.863
952.06,82.93
941.74,82.946
975.22,83.011
990.93,83.062
990.6,83.078
992.11,83.112
998,83.145
1003.5,83.212
1022.6,83.259
1038.5,83.272
1037,83.311
1036.8,83.349
1045.1,83.418
1040.4,83.463
1048.3,83.479
1067.9,83.51
1054.5,83.577
1058.1,83.592
1060.3,83.664
1056.9,83.68
1062.4,83.712
1077.5,83.778
1073.8,83.795
1064.7,83.865
1076,83.879
1069.3,83.945
1069.1,83.964
1094.9,83.995
1087.3,84.064
1073.4,84.08
1075.9,84.143
1070.5,84.16
1069.4,84.22
1095.8,84.261
1088,84.305
1078.3,84.347
1076,84.39
1072.8,84.402
1074.5,84.461
1088.3,84.506
1084.1,84.547
1068.4,84.596
1074.3,84.611
1073.4,84.643
1071,84.683
1087.7,84.747
1089.4,84.789
1072,84.829
1066.7,84.875
999.55,84.888
869.63,84.946
856.9,84.995
845.52,85.01
817.7,85.066
773.06,85.107
727.14,85.151
686.01,85.195
624.63,85.21
571.58,85.278
527.57,85.293
471.41,85.331
434.56,85.395
402.9,85.443
368.16,85.456
339.85,85.492
321.11,85.529
295.49,85.597
269.57,85.642
247.71,85.655
226.8,85.72
203.1,85.736
190.88,85.775
177.47,85.846
161.47,85.862
156.53,85.896
144.52,85.96
134.09,86.012
125.79,86.028
123.41,86.057
120.52,86.097
118.59,86.163
121.71,86.181
116.48,86.223
110.47,86.286
112.71,86.3
108.54,86.34
111.38,86.409
115.85,86.422
112.88,86.494
107.45,86.508
107.99,86.574
111.95,86.587
109.4,86.621
122.83,86.686
114.65,86.73
112.41,86.745
117.03,86.815
125.73,86.857
125.11,86.87
124.16,86.906
149.7,86.945
153.17,87.016
184.77,87.061
208.84,87.074
227.46,87.105
270.42,87.179
320.06,87.196
351.37,87.257
391.01,87.27
430.94,87.331
470.42,87.374
518.88,87.422
549.82,87.434
574.16,87.498
604.94,87.512
634.22,87.576
655.65,87.618
690.47,87.658
709.2,87.698
720.68,87.746
729.75,87.762
731.1,87.794
738.4,87.862
741.91,87.878
732.16,87.944
739.58,87.961
753.54,87.997
750.61,88.064
751.78,88.079
748.48,88.148
737.6,88.163
744.7,88.23
748.56,88.243
747.18,88.28
748.13,88.346
746.42,88.361
733.63,88.423
746.56,88.465
749.61,88.51
739.6,88.523
742.3,88.581
733.4,88.627
730.82,88.676
736.93,88.688
739.54,88.727
734.16,88.762
737.19,88.833
731.44,88.849
724.95,88.912
727.11,88.927
740.5,88.997
734.57,89.012
724.16,89.08
727.02,89.097
726.89,89.131
723.9,89.198
732.92,89.213
726.44,89.277
715.76,89.29
717.44,89.33
721.62,89.399
715.61,89.415
719.02,89.478
715.01,89.526
710.01,89.54
706.19,89.576
714.04,89.611
714.02,89.679
711.2,89.727
706.09,89.741
702.59,89.779
698.66,89.814
700.74,89.884
705.41,89.898
701.52,89.964
696.89,90.01
696.05,90.023
694.71,90.087
692.93,90.133
696.5,90.147
693.77,90.179
684.41,90.247
682.3,90.263
693.05,90.326
688.92,90.372
681.56,90.387
685.65,90.421
674.77,90.487
672.9,90.543
682.03,90.556
677.17,90.588
671.42,90.648
670.22,90.695
668.36,90.712
664.35,90.746
667.98,90.816
667.67,90.832
658.74,90.864
657.56,90.934
651.33,90.95
645.17,91.012
653.53,91.058
657.27,91.07
647.66,91.11
643.72,91.178
643.63,91.194
640.92,91.261
643.4,91.274
648.43,91.31
641.74,91.379
627.4,91.396
633.95,91.463
635.97,91.478
633.27,91.514
634.81,91.577
628.48,91.629
621.55,91.651
626.9,91.677
631.91,91.714
621.3,91.78
622.82,91.828
621.71,91.844
610,91.876
617.23,91.947
622.83,91.963
612.31,91.997
615,92.036
613.65,92.109
603.73,92.124
604.2,92.186
611.79,92.231
605.88,92.246
599.29,92.311
602.9,92.324
600.09,92.392
597.14,92.405
604.15,92.442
599.44,92.51
591.17,92.526
591.7,92.594
594.67,92.607
589.47,92.645
592.93,92.711
590.98,92.724
584.35,92.798
584.44,92.812
587.32,92.844
587.41,92.914
584.18,92.961
580.21,92.976
576.57,93.037
574.51,93.079
572.6,93.095
580.32,93.162
574.22,93.176
566.27,93.207
571.21,93.279
570.67,93.296
567.04,93.362
565.25,93.378
564.91,93.412
562.08,93.451
556.95,93.511
562.57,93.558
561.25,93.601
553.16,93.643
555.68,93.661
554.09,93.697
551.48,93.763
554.51,93.777
550.73,93.843
547.34,93.857
547.97,93.93
549.52,93.951
544.32,93.982
546.9,94.047
549.03,94.063
541.31,94.129
538.94,94.145
542.67,94.209
540.58,94.223
540.88,94.288
545.19,94.335
538.05,94.348
532.89,94.384
535.35,94.449
542.42,94.465
537.84,94.53
534.3,94.544
535.23,94.612
529.96,94.63
531.91,94.664
533.2,94.729
525.51,94.754
525.34,94.788
525.68,94.855
519.84,94.902
527.02,94.916
525.39,94.946
518.08,95.016
516.21,95.123
519.22,95.141
514.27,95.155
520.04,95.177
520.47,95.2
509.61,95.234
510.61,95.269
513.54,95.311
514.93,95.381
515.4,95.397
512.32,95.465
502.77,95.48
NaN,95.546
506.47,95.562
511.51,95.597
507.2,95.636
504.44,95.71
506.17,95.723
500.73,95.76
503.32,95.8
508.32,95.859
503.54,95.899
497.44,95.943
496.75,95.981
500.58,96.021
497.21,96.063
499.02,96.098
499.23,96.155
491.13,96.194
491.09,96.232
499.34,96.275
493.94,96.315
495.52,96.351
494.77,96.392
489.99,96.425
489.78,96.462
493.01,96.498
495.59,96.531
487.84,96.566
487.04,96.631
489.56,96.649
484.99,96.718
488.06,96.732
491.15,96.764
482.72,96.834
480.34,96.878
485.54,96.896
486.18,96.953
480.46,96.996
482.92,97.015
482.17,97.08
475.76,97.097
474.84,97.155
481.7,97.198
480.39,97.248
476.14,97.263
475.54,97.297
471.54,97.343
474.62,97.38
477.85,97.422
476.53,97.456
